[
  {
    "model": "admin.logentry",
    "pk": 1,
    "fields": {
      "action_time": "2022-08-06T09:43:35.101Z",
      "user": 1,
      "content_type": 9,
      "object_id": "1",
      "object_repr": "Category: Категория",
      "action_flag": 1,
      "change_message": "[{\"added\": {}}]"
    }
  },
  {
    "model": "admin.logentry",
    "pk": 2,
    "fields": {
      "action_time": "2022-08-06T09:43:39.155Z",
      "user": 1,
      "content_type": 12,
      "object_id": "1",
      "object_repr": "produkt",
      "action_flag": 1,
      "change_message": "[{\"added\": {}}]"
    }
  },
  {
    "model": "admin.logentry",
    "pk": 3,
    "fields": {
      "action_time": "2022-08-07T13:09:39.900Z",
      "user": 1,
      "content_type": 9,
      "object_id": "1",
      "object_repr": "Category: Электроника",
      "action_flag": 2,
      "change_message": "[{\"changed\": {\"fields\": [\"Name\", \"Slug\", \"Description\", \"Background image\"]}}]"
    }
  },
  {
    "model": "admin.logentry",
    "pk": 4,
    "fields": {
      "action_time": "2022-08-07T13:10:10.662Z",
      "user": 1,
      "content_type": 9,
      "object_id": "2",
      "object_repr": "Category: Одежда и обувь",
      "action_flag": 1,
      "change_message": "[{\"added\": {}}]"
    }
  },
  {
    "model": "admin.logentry",
    "pk": 5,
    "fields": {
      "action_time": "2022-08-07T13:10:49.753Z",
      "user": 1,
      "content_type": 9,
      "object_id": "3",
      "object_repr": "Category: Красота и гигиена",
      "action_flag": 1,
      "change_message": "[{\"added\": {}}]"
    }
  },
  {
    "model": "admin.logentry",
    "pk": 6,
    "fields": {
      "action_time": "2022-08-07T13:11:22.032Z",
      "user": 1,
      "content_type": 9,
      "object_id": "4",
      "object_repr": "Category: Компьютеры",
      "action_flag": 1,
      "change_message": "[{\"added\": {}}]"
    }
  },
  {
    "model": "admin.logentry",
    "pk": 7,
    "fields": {
      "action_time": "2022-08-07T13:11:39.927Z",
      "user": 1,
      "content_type": 9,
      "object_id": "5",
      "object_repr": "Category: Дом",
      "action_flag": 1,
      "change_message": "[{\"added\": {}}]"
    }
  },
  {
    "model": "admin.logentry",
    "pk": 8,
    "fields": {
      "action_time": "2022-08-07T13:11:59.348Z",
      "user": 1,
      "content_type": 9,
      "object_id": "6",
      "object_repr": "Category: Детские товары",
      "action_flag": 1,
      "change_message": "[{\"added\": {}}]"
    }
  },
  {
    "model": "admin.logentry",
    "pk": 9,
    "fields": {
      "action_time": "2022-08-07T13:12:35.242Z",
      "user": 1,
      "content_type": 9,
      "object_id": "7",
      "object_repr": "Category: Бытовая техника",
      "action_flag": 1,
      "change_message": "[{\"added\": {}}]"
    }
  },
  {
    "model": "admin.logentry",
    "pk": 10,
    "fields": {
      "action_time": "2022-08-07T13:13:01.967Z",
      "user": 1,
      "content_type": 9,
      "object_id": "1",
      "object_repr": "Category: Electronics",
      "action_flag": 2,
      "change_message": "[{\"changed\": {\"fields\": [\"Name\", \"Description\"]}}]"
    }
  },
  {
    "model": "admin.logentry",
    "pk": 11,
    "fields": {
      "action_time": "2022-08-07T13:13:30.357Z",
      "user": 1,
      "content_type": 9,
      "object_id": "2",
      "object_repr": "Category: Clothes and Shoes",
      "action_flag": 2,
      "change_message": "[{\"changed\": {\"fields\": [\"Name\", \"Slug\", \"Description\"]}}]"
    }
  },
  {
    "model": "admin.logentry",
    "pk": 12,
    "fields": {
      "action_time": "2022-08-07T13:13:42.629Z",
      "user": 1,
      "content_type": 9,
      "object_id": "3",
      "object_repr": "Category: Beauty and hygiene",
      "action_flag": 2,
      "change_message": "[{\"changed\": {\"fields\": [\"Name\", \"Description\"]}}]"
    }
  },
  {
    "model": "admin.logentry",
    "pk": 13,
    "fields": {
      "action_time": "2022-08-07T13:14:04.192Z",
      "user": 1,
      "content_type": 9,
      "object_id": "3",
      "object_repr": "Category: Beauty and hygiene",
      "action_flag": 2,
      "change_message": "[{\"changed\": {\"fields\": [\"Slug\"]}}]"
    }
  },
  {
    "model": "admin.logentry",
    "pk": 14,
    "fields": {
      "action_time": "2022-08-07T13:14:21.658Z",
      "user": 1,
      "content_type": 9,
      "object_id": "4",
      "object_repr": "Category: Computers",
      "action_flag": 2,
      "change_message": "[{\"changed\": {\"fields\": [\"Name\", \"Slug\", \"Description\"]}}]"
    }
  },
  {
    "model": "admin.logentry",
    "pk": 15,
    "fields": {
      "action_time": "2022-08-07T13:14:54.271Z",
      "user": 1,
      "content_type": 9,
      "object_id": "5",
      "object_repr": "Category: House",
      "action_flag": 2,
      "change_message": "[{\"changed\": {\"fields\": [\"Name\", \"Slug\", \"Description\"]}}]"
    }
  },
  {
    "model": "admin.logentry",
    "pk": 16,
    "fields": {
      "action_time": "2022-08-07T13:15:18.698Z",
      "user": 1,
      "content_type": 9,
      "object_id": "6",
      "object_repr": "Category: Products for children",
      "action_flag": 2,
      "change_message": "[{\"changed\": {\"fields\": [\"Name\", \"Slug\", \"Description\"]}}]"
    }
  },
  {
    "model": "admin.logentry",
    "pk": 17,
    "fields": {
      "action_time": "2022-08-07T13:15:45.034Z",
      "user": 1,
      "content_type": 9,
      "object_id": "7",
      "object_repr": "Category: Household Appliances",
      "action_flag": 2,
      "change_message": "[{\"changed\": {\"fields\": [\"Name\", \"Slug\", \"Description\"]}}]"
    }
  },
  {
    "model": "admin.logentry",
    "pk": 18,
    "fields": {
      "action_time": "2022-08-07T13:18:47.888Z",
      "user": 1,
      "content_type": 9,
      "object_id": "8",
      "object_repr": "Category: Smartphones and gadgets",
      "action_flag": 1,
      "change_message": "[{\"added\": {}}]"
    }
  },
  {
    "model": "admin.logentry",
    "pk": 19,
    "fields": {
      "action_time": "2022-08-07T13:20:02.582Z",
      "user": 1,
      "content_type": 12,
      "object_id": "1",
      "object_repr": "iphone-11",
      "action_flag": 2,
      "change_message": "[{\"changed\": {\"fields\": [\"Name\", \"Slug\", \"Category\"]}}]"
    }
  },
  {
    "model": "admin.logentry",
    "pk": 20,
    "fields": {
      "action_time": "2022-08-07T13:21:02.221Z",
      "user": 1,
      "content_type": 12,
      "object_id": "1",
      "object_repr": "iphone",
      "action_flag": 2,
      "change_message": "[{\"changed\": {\"fields\": [\"Name\", \"Slug\"]}}]"
    }
  },
  {
    "model": "admin.logentry",
    "pk": 21,
    "fields": {
      "action_time": "2022-08-07T13:21:33.899Z",
      "user": 1,
      "content_type": 10,
      "object_id": "1",
      "object_repr": "Iphone 11",
      "action_flag": 1,
      "change_message": "[{\"added\": {}}]"
    }
  },
  {
    "model": "admin.logentry",
    "pk": 22,
    "fields": {
      "action_time": "2022-08-07T13:21:55.325Z",
      "user": 1,
      "content_type": 13,
      "object_id": "1",
      "object_repr": "iphone-11-base",
      "action_flag": 1,
      "change_message": "[{\"added\": {}}]"
    }
  },
  {
    "model": "admin.logentry",
    "pk": 23,
    "fields": {
      "action_time": "2022-08-07T13:22:09.942Z",
      "user": 1,
      "content_type": 13,
      "object_id": "2",
      "object_repr": "iphone-11-better",
      "action_flag": 1,
      "change_message": "[{\"added\": {}}]"
    }
  },
  {
    "model": "admin.logentry",
    "pk": 24,
    "fields": {
      "action_time": "2022-08-07T13:22:24.206Z",
      "user": 1,
      "content_type": 13,
      "object_id": "3",
      "object_repr": "iphone-11-best",
      "action_flag": 1,
      "change_message": "[{\"added\": {}}]"
    }
  },
  {
    "model": "admin.logentry",
    "pk": 25,
    "fields": {
      "action_time": "2022-08-07T13:23:00.300Z",
      "user": 1,
      "content_type": 8,
      "object_id": "1",
      "object_repr": "germany",
      "action_flag": 1,
      "change_message": "[{\"added\": {}}]"
    }
  },
  {
    "model": "admin.logentry",
    "pk": 26,
    "fields": {
      "action_time": "2022-08-07T13:23:07.870Z",
      "user": 1,
      "content_type": 15,
      "object_id": "1",
      "object_repr": "1",
      "action_flag": 1,
      "change_message": "[{\"added\": {}}]"
    }
  },
  {
    "model": "admin.logentry",
    "pk": 27,
    "fields": {
      "action_time": "2022-08-07T13:23:40.511Z",
      "user": 1,
      "content_type": 15,
      "object_id": "2",
      "object_repr": "2",
      "action_flag": 1,
      "change_message": "[{\"added\": {}}]"
    }
  },
  {
    "model": "admin.logentry",
    "pk": 28,
    "fields": {
      "action_time": "2022-08-07T13:23:50.934Z",
      "user": 1,
      "content_type": 15,
      "object_id": "3",
      "object_repr": "3",
      "action_flag": 1,
      "change_message": "[{\"added\": {}}]"
    }
  },
  {
    "model": "admin.logentry",
    "pk": 29,
    "fields": {
      "action_time": "2022-08-07T13:24:29.828Z",
      "user": 1,
      "content_type": 11,
      "object_id": "1",
      "object_repr": "1",
      "action_flag": 1,
      "change_message": "[{\"added\": {}}]"
    }
  },
  {
    "model": "admin.logentry",
    "pk": 30,
    "fields": {
      "action_time": "2022-08-07T13:24:33.229Z",
      "user": 1,
      "content_type": 14,
      "object_id": "1",
      "object_repr": "VariantMedia object (1)",
      "action_flag": 1,
      "change_message": "[{\"added\": {}}]"
    }
  },
  {
    "model": "admin.logentry",
    "pk": 31,
    "fields": {
      "action_time": "2022-08-07T13:24:46.714Z",
      "user": 1,
      "content_type": 11,
      "object_id": "2",
      "object_repr": "2",
      "action_flag": 1,
      "change_message": "[{\"added\": {}}]"
    }
  },
  {
    "model": "admin.logentry",
    "pk": 32,
    "fields": {
      "action_time": "2022-08-07T13:24:48.479Z",
      "user": 1,
      "content_type": 14,
      "object_id": "2",
      "object_repr": "VariantMedia object (2)",
      "action_flag": 1,
      "change_message": "[{\"added\": {}}]"
    }
  },
  {
    "model": "admin.logentry",
    "pk": 33,
    "fields": {
      "action_time": "2022-08-07T13:25:03.233Z",
      "user": 1,
      "content_type": 11,
      "object_id": "3",
      "object_repr": "3",
      "action_flag": 1,
      "change_message": "[{\"added\": {}}]"
    }
  },
  {
    "model": "admin.logentry",
    "pk": 34,
    "fields": {
      "action_time": "2022-08-07T13:25:06.737Z",
      "user": 1,
      "content_type": 14,
      "object_id": "3",
      "object_repr": "VariantMedia object (3)",
      "action_flag": 1,
      "change_message": "[{\"added\": {}}]"
    }
  },
  {
    "model": "admin.logentry",
    "pk": 35,
    "fields": {
      "action_time": "2022-08-07T13:26:38.720Z",
      "user": 1,
      "content_type": 12,
      "object_id": "2",
      "object_repr": "beutifull-dress",
      "action_flag": 1,
      "change_message": "[{\"added\": {}}]"
    }
  },
  {
    "model": "admin.logentry",
    "pk": 36,
    "fields": {
      "action_time": "2022-08-07T13:27:24.321Z",
      "user": 1,
      "content_type": 10,
      "object_id": "2",
      "object_repr": "Dress",
      "action_flag": 1,
      "change_message": "[{\"added\": {}}]"
    }
  },
  {
    "model": "admin.logentry",
    "pk": 37,
    "fields": {
      "action_time": "2022-08-07T13:27:39.554Z",
      "user": 1,
      "content_type": 13,
      "object_id": "4",
      "object_repr": "dress-base",
      "action_flag": 1,
      "change_message": "[{\"added\": {}}]"
    }
  },
  {
    "model": "admin.logentry",
    "pk": 38,
    "fields": {
      "action_time": "2022-08-07T13:27:56.209Z",
      "user": 1,
      "content_type": 13,
      "object_id": "5",
      "object_repr": "dress-better",
      "action_flag": 1,
      "change_message": "[{\"added\": {}}]"
    }
  },
  {
    "model": "admin.logentry",
    "pk": 39,
    "fields": {
      "action_time": "2022-08-07T13:28:06.445Z",
      "user": 1,
      "content_type": 13,
      "object_id": "6",
      "object_repr": "dress-best",
      "action_flag": 1,
      "change_message": "[{\"added\": {}}]"
    }
  },
  {
    "model": "admin.logentry",
    "pk": 40,
    "fields": {
      "action_time": "2022-08-07T13:28:32.752Z",
      "user": 1,
      "content_type": 11,
      "object_id": "4",
      "object_repr": "4",
      "action_flag": 1,
      "change_message": "[{\"added\": {}}]"
    }
  },
  {
    "model": "admin.logentry",
    "pk": 41,
    "fields": {
      "action_time": "2022-08-07T13:28:34.589Z",
      "user": 1,
      "content_type": 14,
      "object_id": "4",
      "object_repr": "VariantMedia object (4)",
      "action_flag": 1,
      "change_message": "[{\"added\": {}}]"
    }
  },
  {
    "model": "admin.logentry",
    "pk": 42,
    "fields": {
      "action_time": "2022-08-07T13:28:46.815Z",
      "user": 1,
      "content_type": 11,
      "object_id": "5",
      "object_repr": "5",
      "action_flag": 1,
      "change_message": "[{\"added\": {}}]"
    }
  },
  {
    "model": "admin.logentry",
    "pk": 43,
    "fields": {
      "action_time": "2022-08-07T13:28:48.330Z",
      "user": 1,
      "content_type": 14,
      "object_id": "5",
      "object_repr": "VariantMedia object (5)",
      "action_flag": 1,
      "change_message": "[{\"added\": {}}]"
    }
  },
  {
    "model": "admin.logentry",
    "pk": 44,
    "fields": {
      "action_time": "2022-08-07T13:29:03.201Z",
      "user": 1,
      "content_type": 11,
      "object_id": "6",
      "object_repr": "6",
      "action_flag": 1,
      "change_message": "[{\"added\": {}}]"
    }
  },
  {
    "model": "admin.logentry",
    "pk": 45,
    "fields": {
      "action_time": "2022-08-07T13:29:04.520Z",
      "user": 1,
      "content_type": 14,
      "object_id": "6",
      "object_repr": "VariantMedia object (6)",
      "action_flag": 1,
      "change_message": "[{\"added\": {}}]"
    }
  },
  {
    "model": "admin.logentry",
    "pk": 46,
    "fields": {
      "action_time": "2022-08-07T14:18:46.019Z",
      "user": 1,
      "content_type": 12,
      "object_id": "3",
      "object_repr": "pampers",
      "action_flag": 1,
      "change_message": "[{\"added\": {}}]"
    }
  },
  {
    "model": "admin.logentry",
    "pk": 47,
    "fields": {
      "action_time": "2022-08-07T14:19:09.842Z",
      "user": 1,
      "content_type": 10,
      "object_id": "3",
      "object_repr": "Pampers Huggies",
      "action_flag": 1,
      "change_message": "[{\"added\": {}}]"
    }
  },
  {
    "model": "admin.logentry",
    "pk": 48,
    "fields": {
      "action_time": "2022-08-07T14:19:29.122Z",
      "user": 1,
      "content_type": 12,
      "object_id": "4",
      "object_repr": "sneakers",
      "action_flag": 1,
      "change_message": "[{\"added\": {}}]"
    }
  },
  {
    "model": "admin.logentry",
    "pk": 49,
    "fields": {
      "action_time": "2022-08-07T14:19:47.082Z",
      "user": 1,
      "content_type": 12,
      "object_id": "5",
      "object_repr": "jacket",
      "action_flag": 1,
      "change_message": "[{\"added\": {}}]"
    }
  },
  {
    "model": "admin.logentry",
    "pk": 50,
    "fields": {
      "action_time": "2022-08-07T14:20:26.510Z",
      "user": 1,
      "content_type": 9,
      "object_id": "9",
      "object_repr": "Category: Desktops and monoblocks",
      "action_flag": 1,
      "change_message": "[{\"added\": {}}]"
    }
  },
  {
    "model": "admin.logentry",
    "pk": 51,
    "fields": {
      "action_time": "2022-08-07T14:20:33.061Z",
      "user": 1,
      "content_type": 12,
      "object_id": "6",
      "object_repr": "monoblock",
      "action_flag": 1,
      "change_message": "[{\"added\": {}}]"
    }
  },
  {
    "model": "admin.logentry",
    "pk": 52,
    "fields": {
      "action_time": "2022-08-07T14:21:49.411Z",
      "user": 1,
      "content_type": 9,
      "object_id": "10",
      "object_repr": "Category: Software",
      "action_flag": 1,
      "change_message": "[{\"added\": {}}]"
    }
  },
  {
    "model": "admin.logentry",
    "pk": 53,
    "fields": {
      "action_time": "2022-08-07T14:21:56.792Z",
      "user": 1,
      "content_type": 12,
      "object_id": "7",
      "object_repr": "office",
      "action_flag": 1,
      "change_message": "[{\"added\": {}}]"
    }
  },
  {
    "model": "admin.logentry",
    "pk": 54,
    "fields": {
      "action_time": "2022-08-07T14:23:21.980Z",
      "user": 1,
      "content_type": 9,
      "object_id": "11",
      "object_repr": "Category: Office",
      "action_flag": 1,
      "change_message": "[{\"added\": {}}]"
    }
  },
  {
    "model": "admin.logentry",
    "pk": 55,
    "fields": {
      "action_time": "2022-08-07T14:23:26.750Z",
      "user": 1,
      "content_type": 12,
      "object_id": "8",
      "object_repr": "office-chair",
      "action_flag": 1,
      "change_message": "[{\"added\": {}}]"
    }
  },
  {
    "model": "admin.logentry",
    "pk": 56,
    "fields": {
      "action_time": "2022-08-07T14:24:01.849Z",
      "user": 1,
      "content_type": 12,
      "object_id": "9",
      "object_repr": "quadracopter",
      "action_flag": 1,
      "change_message": "[{\"added\": {}}]"
    }
  },
  {
    "model": "admin.logentry",
    "pk": 57,
    "fields": {
      "action_time": "2022-08-07T14:25:00.686Z",
      "user": 1,
      "content_type": 12,
      "object_id": "10",
      "object_repr": "shower-gel",
      "action_flag": 1,
      "change_message": "[{\"added\": {}}]"
    }
  },
  {
    "model": "admin.logentry",
    "pk": 58,
    "fields": {
      "action_time": "2022-08-07T14:25:27.226Z",
      "user": 1,
      "content_type": 12,
      "object_id": "11",
      "object_repr": "tablet",
      "action_flag": 1,
      "change_message": "[{\"added\": {}}]"
    }
  },
  {
    "model": "admin.logentry",
    "pk": 59,
    "fields": {
      "action_time": "2022-08-07T14:26:03.135Z",
      "user": 1,
      "content_type": 12,
      "object_id": "12",
      "object_repr": "tv-home",
      "action_flag": 1,
      "change_message": "[{\"added\": {}}]"
    }
  },
  {
    "model": "admin.logentry",
    "pk": 60,
    "fields": {
      "action_time": "2022-08-07T14:26:35.334Z",
      "user": 1,
      "content_type": 12,
      "object_id": "13",
      "object_repr": "smart-watch",
      "action_flag": 1,
      "change_message": "[{\"added\": {}}]"
    }
  },
  {
    "model": "admin.logentry",
    "pk": 61,
    "fields": {
      "action_time": "2022-08-07T14:27:00.429Z",
      "user": 1,
      "content_type": 12,
      "object_id": "14",
      "object_repr": "keyboard",
      "action_flag": 1,
      "change_message": "[{\"added\": {}}]"
    }
  },
  {
    "model": "admin.logentry",
    "pk": 62,
    "fields": {
      "action_time": "2022-08-07T14:27:47.869Z",
      "user": 1,
      "content_type": 10,
      "object_id": "4",
      "object_repr": "Sneakers aliexpress",
      "action_flag": 1,
      "change_message": "[{\"added\": {}}]"
    }
  },
  {
    "model": "admin.logentry",
    "pk": 63,
    "fields": {
      "action_time": "2022-08-07T14:28:30.954Z",
      "user": 1,
      "content_type": 10,
      "object_id": "5",
      "object_repr": "Smart jacket",
      "action_flag": 1,
      "change_message": "[{\"added\": {}}]"
    }
  },
  {
    "model": "admin.logentry",
    "pk": 64,
    "fields": {
      "action_time": "2022-08-07T14:29:00.736Z",
      "user": 1,
      "content_type": 10,
      "object_id": "6",
      "object_repr": "Monoblock",
      "action_flag": 1,
      "change_message": "[{\"added\": {}}]"
    }
  },
  {
    "model": "admin.logentry",
    "pk": 65,
    "fields": {
      "action_time": "2022-08-07T14:29:24.180Z",
      "user": 1,
      "content_type": 10,
      "object_id": "7",
      "object_repr": "Office software",
      "action_flag": 1,
      "change_message": "[{\"added\": {}}]"
    }
  },
  {
    "model": "admin.logentry",
    "pk": 66,
    "fields": {
      "action_time": "2022-08-07T14:29:50.400Z",
      "user": 1,
      "content_type": 10,
      "object_id": "8",
      "object_repr": "Chair for office",
      "action_flag": 1,
      "change_message": "[{\"added\": {}}]"
    }
  },
  {
    "model": "admin.logentry",
    "pk": 67,
    "fields": {
      "action_time": "2022-08-07T14:30:24.669Z",
      "user": 1,
      "content_type": 10,
      "object_id": "9",
      "object_repr": "Quadracopter ali",
      "action_flag": 1,
      "change_message": "[{\"added\": {}}]"
    }
  },
  {
    "model": "admin.logentry",
    "pk": 68,
    "fields": {
      "action_time": "2022-08-07T14:30:54.023Z",
      "user": 1,
      "content_type": 10,
      "object_id": "10",
      "object_repr": "Shower gel",
      "action_flag": 1,
      "change_message": "[{\"added\": {}}]"
    }
  },
  {
    "model": "admin.logentry",
    "pk": 69,
    "fields": {
      "action_time": "2022-08-07T14:31:24.479Z",
      "user": 1,
      "content_type": 10,
      "object_id": "11",
      "object_repr": "Usual Tablet",
      "action_flag": 1,
      "change_message": "[{\"added\": {}}]"
    }
  },
  {
    "model": "admin.logentry",
    "pk": 70,
    "fields": {
      "action_time": "2022-08-07T14:31:47.663Z",
      "user": 1,
      "content_type": 10,
      "object_id": "12",
      "object_repr": "Home TV",
      "action_flag": 1,
      "change_message": "[{\"added\": {}}]"
    }
  },
  {
    "model": "admin.logentry",
    "pk": 71,
    "fields": {
      "action_time": "2022-08-07T14:32:16.693Z",
      "user": 1,
      "content_type": 10,
      "object_id": "13",
      "object_repr": "Apple watch",
      "action_flag": 1,
      "change_message": "[{\"added\": {}}]"
    }
  },
  {
    "model": "admin.logentry",
    "pk": 72,
    "fields": {
      "action_time": "2022-08-07T14:32:39.651Z",
      "user": 1,
      "content_type": 10,
      "object_id": "14",
      "object_repr": "Usual keyboard",
      "action_flag": 1,
      "change_message": "[{\"added\": {}}]"
    }
  },
  {
    "model": "admin.logentry",
    "pk": 73,
    "fields": {
      "action_time": "2022-08-07T14:34:20.023Z",
      "user": 1,
      "content_type": 13,
      "object_id": "7",
      "object_repr": "pampers-base",
      "action_flag": 1,
      "change_message": "[{\"added\": {}}]"
    }
  },
  {
    "model": "admin.logentry",
    "pk": 74,
    "fields": {
      "action_time": "2022-08-07T14:34:34.164Z",
      "user": 1,
      "content_type": 13,
      "object_id": "8",
      "object_repr": "pampers-better",
      "action_flag": 1,
      "change_message": "[{\"added\": {}}]"
    }
  },
  {
    "model": "admin.logentry",
    "pk": 75,
    "fields": {
      "action_time": "2022-08-07T14:34:53.135Z",
      "user": 1,
      "content_type": 13,
      "object_id": "9",
      "object_repr": "pampers-best",
      "action_flag": 1,
      "change_message": "[{\"added\": {}}]"
    }
  },
  {
    "model": "admin.logentry",
    "pk": 76,
    "fields": {
      "action_time": "2022-08-07T14:35:06.659Z",
      "user": 1,
      "content_type": 13,
      "object_id": "10",
      "object_repr": "sneakers-base",
      "action_flag": 1,
      "change_message": "[{\"added\": {}}]"
    }
  },
  {
    "model": "admin.logentry",
    "pk": 77,
    "fields": {
      "action_time": "2022-08-07T14:35:18.477Z",
      "user": 1,
      "content_type": 13,
      "object_id": "11",
      "object_repr": "sneakers-better",
      "action_flag": 1,
      "change_message": "[{\"added\": {}}]"
    }
  },
  {
    "model": "admin.logentry",
    "pk": 78,
    "fields": {
      "action_time": "2022-08-07T14:35:28.961Z",
      "user": 1,
      "content_type": 13,
      "object_id": "12",
      "object_repr": "sneakers-best",
      "action_flag": 1,
      "change_message": "[{\"added\": {}}]"
    }
  },
  {
    "model": "admin.logentry",
    "pk": 79,
    "fields": {
      "action_time": "2022-08-07T14:35:42.723Z",
      "user": 1,
      "content_type": 13,
      "object_id": "13",
      "object_repr": "jacket-base",
      "action_flag": 1,
      "change_message": "[{\"added\": {}}]"
    }
  },
  {
    "model": "admin.logentry",
    "pk": 80,
    "fields": {
      "action_time": "2022-08-07T14:35:54.583Z",
      "user": 1,
      "content_type": 13,
      "object_id": "14",
      "object_repr": "jacket-better",
      "action_flag": 1,
      "change_message": "[{\"added\": {}}]"
    }
  },
  {
    "model": "admin.logentry",
    "pk": 81,
    "fields": {
      "action_time": "2022-08-07T14:36:06.168Z",
      "user": 1,
      "content_type": 13,
      "object_id": "15",
      "object_repr": "jacket-best",
      "action_flag": 1,
      "change_message": "[{\"added\": {}}]"
    }
  },
  {
    "model": "admin.logentry",
    "pk": 82,
    "fields": {
      "action_time": "2022-08-07T14:36:18.876Z",
      "user": 1,
      "content_type": 13,
      "object_id": "16",
      "object_repr": "monoblock-base",
      "action_flag": 1,
      "change_message": "[{\"added\": {}}]"
    }
  },
  {
    "model": "admin.logentry",
    "pk": 83,
    "fields": {
      "action_time": "2022-08-07T14:36:30.568Z",
      "user": 1,
      "content_type": 13,
      "object_id": "17",
      "object_repr": "monoblock-better",
      "action_flag": 1,
      "change_message": "[{\"added\": {}}]"
    }
  },
  {
    "model": "admin.logentry",
    "pk": 84,
    "fields": {
      "action_time": "2022-08-07T14:36:48.269Z",
      "user": 1,
      "content_type": 13,
      "object_id": "18",
      "object_repr": "monoblock-best",
      "action_flag": 1,
      "change_message": "[{\"added\": {}}]"
    }
  },
  {
    "model": "admin.logentry",
    "pk": 85,
    "fields": {
      "action_time": "2022-08-07T14:37:03.131Z",
      "user": 1,
      "content_type": 13,
      "object_id": "19",
      "object_repr": "office-base",
      "action_flag": 1,
      "change_message": "[{\"added\": {}}]"
    }
  },
  {
    "model": "admin.logentry",
    "pk": 86,
    "fields": {
      "action_time": "2022-08-07T14:37:14.222Z",
      "user": 1,
      "content_type": 13,
      "object_id": "20",
      "object_repr": "office-better",
      "action_flag": 1,
      "change_message": "[{\"added\": {}}]"
    }
  },
  {
    "model": "admin.logentry",
    "pk": 87,
    "fields": {
      "action_time": "2022-08-07T14:37:25.353Z",
      "user": 1,
      "content_type": 13,
      "object_id": "21",
      "object_repr": "office-best",
      "action_flag": 1,
      "change_message": "[{\"added\": {}}]"
    }
  },
  {
    "model": "admin.logentry",
    "pk": 88,
    "fields": {
      "action_time": "2022-08-07T14:37:59.460Z",
      "user": 1,
      "content_type": 13,
      "object_id": "22",
      "object_repr": "office-chair-base",
      "action_flag": 1,
      "change_message": "[{\"added\": {}}]"
    }
  },
  {
    "model": "admin.logentry",
    "pk": 89,
    "fields": {
      "action_time": "2022-08-07T14:38:10.309Z",
      "user": 1,
      "content_type": 13,
      "object_id": "23",
      "object_repr": "office-chair-better",
      "action_flag": 1,
      "change_message": "[{\"added\": {}}]"
    }
  },
  {
    "model": "admin.logentry",
    "pk": 90,
    "fields": {
      "action_time": "2022-08-07T14:38:24.553Z",
      "user": 1,
      "content_type": 13,
      "object_id": "24",
      "object_repr": "office-chair-best",
      "action_flag": 1,
      "change_message": "[{\"added\": {}}]"
    }
  },
  {
    "model": "admin.logentry",
    "pk": 91,
    "fields": {
      "action_time": "2022-08-07T14:38:34.857Z",
      "user": 1,
      "content_type": 13,
      "object_id": "23",
      "object_repr": "office-chair-better",
      "action_flag": 2,
      "change_message": "[{\"changed\": {\"fields\": [\"Weight\"]}}]"
    }
  },
  {
    "model": "admin.logentry",
    "pk": 92,
    "fields": {
      "action_time": "2022-08-07T14:38:54.132Z",
      "user": 1,
      "content_type": 13,
      "object_id": "25",
      "object_repr": "quadcopter-base",
      "action_flag": 1,
      "change_message": "[{\"added\": {}}]"
    }
  },
  {
    "model": "admin.logentry",
    "pk": 93,
    "fields": {
      "action_time": "2022-08-07T14:39:03.694Z",
      "user": 1,
      "content_type": 13,
      "object_id": "26",
      "object_repr": "quadcopter-better",
      "action_flag": 1,
      "change_message": "[{\"added\": {}}]"
    }
  },
  {
    "model": "admin.logentry",
    "pk": 94,
    "fields": {
      "action_time": "2022-08-07T14:39:11.846Z",
      "user": 1,
      "content_type": 13,
      "object_id": "27",
      "object_repr": "quadcopter-best",
      "action_flag": 1,
      "change_message": "[{\"added\": {}}]"
    }
  },
  {
    "model": "admin.logentry",
    "pk": 95,
    "fields": {
      "action_time": "2022-08-07T14:39:19.689Z",
      "user": 1,
      "content_type": 13,
      "object_id": "28",
      "object_repr": "shower-gel-base",
      "action_flag": 1,
      "change_message": "[{\"added\": {}}]"
    }
  },
  {
    "model": "admin.logentry",
    "pk": 96,
    "fields": {
      "action_time": "2022-08-07T14:39:28.347Z",
      "user": 1,
      "content_type": 13,
      "object_id": "29",
      "object_repr": "shower-gel-better",
      "action_flag": 1,
      "change_message": "[{\"added\": {}}]"
    }
  },
  {
    "model": "admin.logentry",
    "pk": 97,
    "fields": {
      "action_time": "2022-08-07T14:39:42.859Z",
      "user": 1,
      "content_type": 13,
      "object_id": "30",
      "object_repr": "shower-gel-best",
      "action_flag": 1,
      "change_message": "[{\"added\": {}}]"
    }
  },
  {
    "model": "admin.logentry",
    "pk": 98,
    "fields": {
      "action_time": "2022-08-07T14:39:55.510Z",
      "user": 1,
      "content_type": 13,
      "object_id": "31",
      "object_repr": "tablet-base",
      "action_flag": 1,
      "change_message": "[{\"added\": {}}]"
    }
  },
  {
    "model": "admin.logentry",
    "pk": 99,
    "fields": {
      "action_time": "2022-08-07T14:40:05.156Z",
      "user": 1,
      "content_type": 13,
      "object_id": "32",
      "object_repr": "tablet-better",
      "action_flag": 1,
      "change_message": "[{\"added\": {}}]"
    }
  },
  {
    "model": "admin.logentry",
    "pk": 100,
    "fields": {
      "action_time": "2022-08-07T14:40:17.646Z",
      "user": 1,
      "content_type": 13,
      "object_id": "33",
      "object_repr": "tablet-best",
      "action_flag": 1,
      "change_message": "[{\"added\": {}}]"
    }
  },
  {
    "model": "admin.logentry",
    "pk": 101,
    "fields": {
      "action_time": "2022-08-07T14:40:28.412Z",
      "user": 1,
      "content_type": 13,
      "object_id": "34",
      "object_repr": "tv-home-base",
      "action_flag": 1,
      "change_message": "[{\"added\": {}}]"
    }
  },
  {
    "model": "admin.logentry",
    "pk": 102,
    "fields": {
      "action_time": "2022-08-07T14:40:39.538Z",
      "user": 1,
      "content_type": 13,
      "object_id": "35",
      "object_repr": "tv-home-better",
      "action_flag": 1,
      "change_message": "[{\"added\": {}}]"
    }
  },
  {
    "model": "admin.logentry",
    "pk": 103,
    "fields": {
      "action_time": "2022-08-07T14:40:48.354Z",
      "user": 1,
      "content_type": 13,
      "object_id": "36",
      "object_repr": "tv-home-best",
      "action_flag": 1,
      "change_message": "[{\"added\": {}}]"
    }
  },
  {
    "model": "admin.logentry",
    "pk": 104,
    "fields": {
      "action_time": "2022-08-07T14:40:59.801Z",
      "user": 1,
      "content_type": 13,
      "object_id": "37",
      "object_repr": "apple-watch-base",
      "action_flag": 1,
      "change_message": "[{\"added\": {}}]"
    }
  },
  {
    "model": "admin.logentry",
    "pk": 105,
    "fields": {
      "action_time": "2022-08-07T14:41:07.321Z",
      "user": 1,
      "content_type": 13,
      "object_id": "38",
      "object_repr": "apple-watch-better",
      "action_flag": 1,
      "change_message": "[{\"added\": {}}]"
    }
  },
  {
    "model": "admin.logentry",
    "pk": 106,
    "fields": {
      "action_time": "2022-08-07T14:41:15.085Z",
      "user": 1,
      "content_type": 13,
      "object_id": "39",
      "object_repr": "apple-watch-best",
      "action_flag": 1,
      "change_message": "[{\"added\": {}}]"
    }
  },
  {
    "model": "admin.logentry",
    "pk": 107,
    "fields": {
      "action_time": "2022-08-07T14:41:24.069Z",
      "user": 1,
      "content_type": 13,
      "object_id": "40",
      "object_repr": "keyboard-base",
      "action_flag": 1,
      "change_message": "[{\"added\": {}}]"
    }
  },
  {
    "model": "admin.logentry",
    "pk": 108,
    "fields": {
      "action_time": "2022-08-07T14:41:31.657Z",
      "user": 1,
      "content_type": 13,
      "object_id": "41",
      "object_repr": "keyboard-better",
      "action_flag": 1,
      "change_message": "[{\"added\": {}}]"
    }
  },
  {
    "model": "admin.logentry",
    "pk": 109,
    "fields": {
      "action_time": "2022-08-07T14:41:41.639Z",
      "user": 1,
      "content_type": 13,
      "object_id": "42",
      "object_repr": "keyboard-best",
      "action_flag": 1,
      "change_message": "[{\"added\": {}}]"
    }
  },
  {
    "model": "admin.logentry",
    "pk": 110,
    "fields": {
      "action_time": "2022-08-07T14:42:14.483Z",
      "user": 1,
      "content_type": 15,
      "object_id": "4",
      "object_repr": "4",
      "action_flag": 1,
      "change_message": "[{\"added\": {}}]"
    }
  },
  {
    "model": "admin.logentry",
    "pk": 111,
    "fields": {
      "action_time": "2022-08-07T14:42:24.306Z",
      "user": 1,
      "content_type": 15,
      "object_id": "5",
      "object_repr": "5",
      "action_flag": 1,
      "change_message": "[{\"added\": {}}]"
    }
  },
  {
    "model": "admin.logentry",
    "pk": 112,
    "fields": {
      "action_time": "2022-08-07T14:42:35.060Z",
      "user": 1,
      "content_type": 15,
      "object_id": "6",
      "object_repr": "6",
      "action_flag": 1,
      "change_message": "[{\"added\": {}}]"
    }
  },
  {
    "model": "admin.logentry",
    "pk": 113,
    "fields": {
      "action_time": "2022-08-07T14:42:43.754Z",
      "user": 1,
      "content_type": 15,
      "object_id": "7",
      "object_repr": "7",
      "action_flag": 1,
      "change_message": "[{\"added\": {}}]"
    }
  },
  {
    "model": "admin.logentry",
    "pk": 114,
    "fields": {
      "action_time": "2022-08-07T14:42:51.992Z",
      "user": 1,
      "content_type": 15,
      "object_id": "8",
      "object_repr": "8",
      "action_flag": 1,
      "change_message": "[{\"added\": {}}]"
    }
  },
  {
    "model": "admin.logentry",
    "pk": 115,
    "fields": {
      "action_time": "2022-08-07T14:43:01.044Z",
      "user": 1,
      "content_type": 15,
      "object_id": "9",
      "object_repr": "9",
      "action_flag": 1,
      "change_message": "[{\"added\": {}}]"
    }
  },
  {
    "model": "admin.logentry",
    "pk": 116,
    "fields": {
      "action_time": "2022-08-07T14:43:12.988Z",
      "user": 1,
      "content_type": 15,
      "object_id": "10",
      "object_repr": "10",
      "action_flag": 1,
      "change_message": "[{\"added\": {}}]"
    }
  },
  {
    "model": "admin.logentry",
    "pk": 117,
    "fields": {
      "action_time": "2022-08-07T14:43:22.193Z",
      "user": 1,
      "content_type": 15,
      "object_id": "11",
      "object_repr": "11",
      "action_flag": 1,
      "change_message": "[{\"added\": {}}]"
    }
  },
  {
    "model": "admin.logentry",
    "pk": 118,
    "fields": {
      "action_time": "2022-08-07T14:43:31.725Z",
      "user": 1,
      "content_type": 15,
      "object_id": "12",
      "object_repr": "12",
      "action_flag": 1,
      "change_message": "[{\"added\": {}}]"
    }
  },
  {
    "model": "admin.logentry",
    "pk": 119,
    "fields": {
      "action_time": "2022-08-07T14:43:40.092Z",
      "user": 1,
      "content_type": 15,
      "object_id": "13",
      "object_repr": "13",
      "action_flag": 1,
      "change_message": "[{\"added\": {}}]"
    }
  },
  {
    "model": "admin.logentry",
    "pk": 120,
    "fields": {
      "action_time": "2022-08-07T14:43:47.132Z",
      "user": 1,
      "content_type": 15,
      "object_id": "14",
      "object_repr": "14",
      "action_flag": 1,
      "change_message": "[{\"added\": {}}]"
    }
  },
  {
    "model": "admin.logentry",
    "pk": 121,
    "fields": {
      "action_time": "2022-08-07T14:43:55.149Z",
      "user": 1,
      "content_type": 15,
      "object_id": "15",
      "object_repr": "15",
      "action_flag": 1,
      "change_message": "[{\"added\": {}}]"
    }
  },
  {
    "model": "admin.logentry",
    "pk": 122,
    "fields": {
      "action_time": "2022-08-07T14:44:02.425Z",
      "user": 1,
      "content_type": 15,
      "object_id": "16",
      "object_repr": "16",
      "action_flag": 1,
      "change_message": "[{\"added\": {}}]"
    }
  },
  {
    "model": "admin.logentry",
    "pk": 123,
    "fields": {
      "action_time": "2022-08-07T14:44:10.590Z",
      "user": 1,
      "content_type": 15,
      "object_id": "17",
      "object_repr": "17",
      "action_flag": 1,
      "change_message": "[{\"added\": {}}]"
    }
  },
  {
    "model": "admin.logentry",
    "pk": 124,
    "fields": {
      "action_time": "2022-08-07T14:44:19.603Z",
      "user": 1,
      "content_type": 15,
      "object_id": "18",
      "object_repr": "18",
      "action_flag": 1,
      "change_message": "[{\"added\": {}}]"
    }
  },
  {
    "model": "admin.logentry",
    "pk": 125,
    "fields": {
      "action_time": "2022-08-07T14:44:29.925Z",
      "user": 1,
      "content_type": 15,
      "object_id": "19",
      "object_repr": "19",
      "action_flag": 1,
      "change_message": "[{\"added\": {}}]"
    }
  },
  {
    "model": "admin.logentry",
    "pk": 126,
    "fields": {
      "action_time": "2022-08-07T14:44:37.937Z",
      "user": 1,
      "content_type": 15,
      "object_id": "20",
      "object_repr": "20",
      "action_flag": 1,
      "change_message": "[{\"added\": {}}]"
    }
  },
  {
    "model": "admin.logentry",
    "pk": 127,
    "fields": {
      "action_time": "2022-08-07T14:44:46.571Z",
      "user": 1,
      "content_type": 15,
      "object_id": "21",
      "object_repr": "21",
      "action_flag": 1,
      "change_message": "[{\"added\": {}}]"
    }
  },
  {
    "model": "admin.logentry",
    "pk": 128,
    "fields": {
      "action_time": "2022-08-07T14:44:57.082Z",
      "user": 1,
      "content_type": 15,
      "object_id": "22",
      "object_repr": "22",
      "action_flag": 1,
      "change_message": "[{\"added\": {}}]"
    }
  },
  {
    "model": "admin.logentry",
    "pk": 129,
    "fields": {
      "action_time": "2022-08-07T14:45:16.243Z",
      "user": 1,
      "content_type": 15,
      "object_id": "23",
      "object_repr": "23",
      "action_flag": 1,
      "change_message": "[{\"added\": {}}]"
    }
  },
  {
    "model": "admin.logentry",
    "pk": 130,
    "fields": {
      "action_time": "2022-08-07T14:45:26.426Z",
      "user": 1,
      "content_type": 15,
      "object_id": "24",
      "object_repr": "24",
      "action_flag": 1,
      "change_message": "[{\"added\": {}}]"
    }
  },
  {
    "model": "admin.logentry",
    "pk": 131,
    "fields": {
      "action_time": "2022-08-07T14:45:40.488Z",
      "user": 1,
      "content_type": 15,
      "object_id": "25",
      "object_repr": "25",
      "action_flag": 1,
      "change_message": "[{\"added\": {}}]"
    }
  },
  {
    "model": "admin.logentry",
    "pk": 132,
    "fields": {
      "action_time": "2022-08-07T14:45:50.841Z",
      "user": 1,
      "content_type": 15,
      "object_id": "26",
      "object_repr": "26",
      "action_flag": 1,
      "change_message": "[{\"added\": {}}]"
    }
  },
  {
    "model": "admin.logentry",
    "pk": 133,
    "fields": {
      "action_time": "2022-08-07T14:46:08.580Z",
      "user": 1,
      "content_type": 15,
      "object_id": "27",
      "object_repr": "27",
      "action_flag": 1,
      "change_message": "[{\"added\": {}}]"
    }
  },
  {
    "model": "admin.logentry",
    "pk": 134,
    "fields": {
      "action_time": "2022-08-07T14:46:17.597Z",
      "user": 1,
      "content_type": 15,
      "object_id": "28",
      "object_repr": "28",
      "action_flag": 1,
      "change_message": "[{\"added\": {}}]"
    }
  },
  {
    "model": "admin.logentry",
    "pk": 135,
    "fields": {
      "action_time": "2022-08-07T14:46:26.441Z",
      "user": 1,
      "content_type": 15,
      "object_id": "29",
      "object_repr": "29",
      "action_flag": 1,
      "change_message": "[{\"added\": {}}]"
    }
  },
  {
    "model": "admin.logentry",
    "pk": 136,
    "fields": {
      "action_time": "2022-08-07T14:46:42.738Z",
      "user": 1,
      "content_type": 15,
      "object_id": "30",
      "object_repr": "30",
      "action_flag": 1,
      "change_message": "[{\"added\": {}}]"
    }
  },
  {
    "model": "admin.logentry",
    "pk": 137,
    "fields": {
      "action_time": "2022-08-07T14:46:57.900Z",
      "user": 1,
      "content_type": 15,
      "object_id": "31",
      "object_repr": "31",
      "action_flag": 1,
      "change_message": "[{\"added\": {}}]"
    }
  },
  {
    "model": "admin.logentry",
    "pk": 138,
    "fields": {
      "action_time": "2022-08-07T14:47:09.335Z",
      "user": 1,
      "content_type": 15,
      "object_id": "32",
      "object_repr": "32",
      "action_flag": 1,
      "change_message": "[{\"added\": {}}]"
    }
  },
  {
    "model": "admin.logentry",
    "pk": 139,
    "fields": {
      "action_time": "2022-08-07T14:47:18.451Z",
      "user": 1,
      "content_type": 15,
      "object_id": "33",
      "object_repr": "33",
      "action_flag": 1,
      "change_message": "[{\"added\": {}}]"
    }
  },
  {
    "model": "admin.logentry",
    "pk": 140,
    "fields": {
      "action_time": "2022-08-07T14:47:28.454Z",
      "user": 1,
      "content_type": 15,
      "object_id": "34",
      "object_repr": "34",
      "action_flag": 1,
      "change_message": "[{\"added\": {}}]"
    }
  },
  {
    "model": "admin.logentry",
    "pk": 141,
    "fields": {
      "action_time": "2022-08-07T14:47:39.177Z",
      "user": 1,
      "content_type": 15,
      "object_id": "35",
      "object_repr": "35",
      "action_flag": 1,
      "change_message": "[{\"added\": {}}]"
    }
  },
  {
    "model": "admin.logentry",
    "pk": 142,
    "fields": {
      "action_time": "2022-08-07T14:47:48.502Z",
      "user": 1,
      "content_type": 15,
      "object_id": "36",
      "object_repr": "36",
      "action_flag": 1,
      "change_message": "[{\"added\": {}}]"
    }
  },
  {
    "model": "admin.logentry",
    "pk": 143,
    "fields": {
      "action_time": "2022-08-07T14:47:58.888Z",
      "user": 1,
      "content_type": 15,
      "object_id": "37",
      "object_repr": "37",
      "action_flag": 1,
      "change_message": "[{\"added\": {}}]"
    }
  },
  {
    "model": "admin.logentry",
    "pk": 144,
    "fields": {
      "action_time": "2022-08-07T14:48:37.536Z",
      "user": 1,
      "content_type": 15,
      "object_id": "38",
      "object_repr": "38",
      "action_flag": 1,
      "change_message": "[{\"added\": {}}]"
    }
  },
  {
    "model": "admin.logentry",
    "pk": 145,
    "fields": {
      "action_time": "2022-08-07T14:48:46.878Z",
      "user": 1,
      "content_type": 15,
      "object_id": "39",
      "object_repr": "39",
      "action_flag": 1,
      "change_message": "[{\"added\": {}}]"
    }
  },
  {
    "model": "admin.logentry",
    "pk": 146,
    "fields": {
      "action_time": "2022-08-07T14:48:56.479Z",
      "user": 1,
      "content_type": 15,
      "object_id": "40",
      "object_repr": "40",
      "action_flag": 1,
      "change_message": "[{\"added\": {}}]"
    }
  },
  {
    "model": "admin.logentry",
    "pk": 147,
    "fields": {
      "action_time": "2022-08-07T14:49:04.262Z",
      "user": 1,
      "content_type": 15,
      "object_id": "41",
      "object_repr": "41",
      "action_flag": 1,
      "change_message": "[{\"added\": {}}]"
    }
  },
  {
    "model": "admin.logentry",
    "pk": 148,
    "fields": {
      "action_time": "2022-08-07T14:49:11.672Z",
      "user": 1,
      "content_type": 15,
      "object_id": "42",
      "object_repr": "42",
      "action_flag": 1,
      "change_message": "[{\"added\": {}}]"
    }
  },
  {
    "model": "admin.logentry",
    "pk": 149,
    "fields": {
      "action_time": "2022-08-07T14:50:05.691Z",
      "user": 1,
      "content_type": 11,
      "object_id": "7",
      "object_repr": "7",
      "action_flag": 1,
      "change_message": "[{\"added\": {}}]"
    }
  },
  {
    "model": "admin.logentry",
    "pk": 150,
    "fields": {
      "action_time": "2022-08-07T14:50:07.081Z",
      "user": 1,
      "content_type": 14,
      "object_id": "7",
      "object_repr": "VariantMedia object (7)",
      "action_flag": 1,
      "change_message": "[{\"added\": {}}]"
    }
  },
  {
    "model": "admin.logentry",
    "pk": 151,
    "fields": {
      "action_time": "2022-08-07T14:50:22.576Z",
      "user": 1,
      "content_type": 11,
      "object_id": "8",
      "object_repr": "8",
      "action_flag": 1,
      "change_message": "[{\"added\": {}}]"
    }
  },
  {
    "model": "admin.logentry",
    "pk": 152,
    "fields": {
      "action_time": "2022-08-07T14:50:33.236Z",
      "user": 1,
      "content_type": 14,
      "object_id": "8",
      "object_repr": "VariantMedia object (8)",
      "action_flag": 1,
      "change_message": "[{\"added\": {}}]"
    }
  },
  {
    "model": "admin.logentry",
    "pk": 153,
    "fields": {
      "action_time": "2022-08-07T14:50:51.437Z",
      "user": 1,
      "content_type": 11,
      "object_id": "9",
      "object_repr": "9",
      "action_flag": 1,
      "change_message": "[{\"added\": {}}]"
    }
  },
  {
    "model": "admin.logentry",
    "pk": 154,
    "fields": {
      "action_time": "2022-08-07T14:50:53.149Z",
      "user": 1,
      "content_type": 14,
      "object_id": "9",
      "object_repr": "VariantMedia object (9)",
      "action_flag": 1,
      "change_message": "[{\"added\": {}}]"
    }
  },
  {
    "model": "admin.logentry",
    "pk": 155,
    "fields": {
      "action_time": "2022-08-07T14:51:13.826Z",
      "user": 1,
      "content_type": 11,
      "object_id": "10",
      "object_repr": "10",
      "action_flag": 1,
      "change_message": "[{\"added\": {}}]"
    }
  },
  {
    "model": "admin.logentry",
    "pk": 156,
    "fields": {
      "action_time": "2022-08-07T14:51:15.225Z",
      "user": 1,
      "content_type": 14,
      "object_id": "10",
      "object_repr": "VariantMedia object (10)",
      "action_flag": 1,
      "change_message": "[{\"added\": {}}]"
    }
  },
  {
    "model": "admin.logentry",
    "pk": 157,
    "fields": {
      "action_time": "2022-08-07T14:51:32.531Z",
      "user": 1,
      "content_type": 11,
      "object_id": "11",
      "object_repr": "11",
      "action_flag": 1,
      "change_message": "[{\"added\": {}}]"
    }
  },
  {
    "model": "admin.logentry",
    "pk": 158,
    "fields": {
      "action_time": "2022-08-07T14:51:34.396Z",
      "user": 1,
      "content_type": 14,
      "object_id": "11",
      "object_repr": "VariantMedia object (11)",
      "action_flag": 1,
      "change_message": "[{\"added\": {}}]"
    }
  },
  {
    "model": "admin.logentry",
    "pk": 159,
    "fields": {
      "action_time": "2022-08-07T14:51:50.899Z",
      "user": 1,
      "content_type": 11,
      "object_id": "12",
      "object_repr": "12",
      "action_flag": 1,
      "change_message": "[{\"added\": {}}]"
    }
  },
  {
    "model": "admin.logentry",
    "pk": 160,
    "fields": {
      "action_time": "2022-08-07T14:51:52.476Z",
      "user": 1,
      "content_type": 14,
      "object_id": "12",
      "object_repr": "VariantMedia object (12)",
      "action_flag": 1,
      "change_message": "[{\"added\": {}}]"
    }
  },
  {
    "model": "admin.logentry",
    "pk": 161,
    "fields": {
      "action_time": "2022-08-07T14:52:13.251Z",
      "user": 1,
      "content_type": 11,
      "object_id": "13",
      "object_repr": "13",
      "action_flag": 1,
      "change_message": "[{\"added\": {}}]"
    }
  },
  {
    "model": "admin.logentry",
    "pk": 162,
    "fields": {
      "action_time": "2022-08-07T14:52:14.328Z",
      "user": 1,
      "content_type": 14,
      "object_id": "13",
      "object_repr": "VariantMedia object (13)",
      "action_flag": 1,
      "change_message": "[{\"added\": {}}]"
    }
  },
  {
    "model": "admin.logentry",
    "pk": 163,
    "fields": {
      "action_time": "2022-08-07T14:52:38.896Z",
      "user": 1,
      "content_type": 11,
      "object_id": "14",
      "object_repr": "14",
      "action_flag": 1,
      "change_message": "[{\"added\": {}}]"
    }
  },
  {
    "model": "admin.logentry",
    "pk": 164,
    "fields": {
      "action_time": "2022-08-07T14:52:40.535Z",
      "user": 1,
      "content_type": 14,
      "object_id": "14",
      "object_repr": "VariantMedia object (14)",
      "action_flag": 1,
      "change_message": "[{\"added\": {}}]"
    }
  },
  {
    "model": "admin.logentry",
    "pk": 165,
    "fields": {
      "action_time": "2022-08-07T14:52:53.990Z",
      "user": 1,
      "content_type": 11,
      "object_id": "15",
      "object_repr": "15",
      "action_flag": 1,
      "change_message": "[{\"added\": {}}]"
    }
  },
  {
    "model": "admin.logentry",
    "pk": 166,
    "fields": {
      "action_time": "2022-08-07T14:52:55.269Z",
      "user": 1,
      "content_type": 14,
      "object_id": "15",
      "object_repr": "VariantMedia object (15)",
      "action_flag": 1,
      "change_message": "[{\"added\": {}}]"
    }
  },
  {
    "model": "admin.logentry",
    "pk": 167,
    "fields": {
      "action_time": "2022-08-07T14:53:10.234Z",
      "user": 1,
      "content_type": 11,
      "object_id": "16",
      "object_repr": "16",
      "action_flag": 1,
      "change_message": "[{\"added\": {}}]"
    }
  },
  {
    "model": "admin.logentry",
    "pk": 168,
    "fields": {
      "action_time": "2022-08-07T14:53:11.522Z",
      "user": 1,
      "content_type": 14,
      "object_id": "16",
      "object_repr": "VariantMedia object (16)",
      "action_flag": 1,
      "change_message": "[{\"added\": {}}]"
    }
  },
  {
    "model": "admin.logentry",
    "pk": 169,
    "fields": {
      "action_time": "2022-08-07T14:53:27.461Z",
      "user": 1,
      "content_type": 11,
      "object_id": "17",
      "object_repr": "17",
      "action_flag": 1,
      "change_message": "[{\"added\": {}}]"
    }
  },
  {
    "model": "admin.logentry",
    "pk": 170,
    "fields": {
      "action_time": "2022-08-07T14:53:28.606Z",
      "user": 1,
      "content_type": 14,
      "object_id": "17",
      "object_repr": "VariantMedia object (17)",
      "action_flag": 1,
      "change_message": "[{\"added\": {}}]"
    }
  },
  {
    "model": "admin.logentry",
    "pk": 171,
    "fields": {
      "action_time": "2022-08-07T14:53:43.044Z",
      "user": 1,
      "content_type": 11,
      "object_id": "18",
      "object_repr": "18",
      "action_flag": 1,
      "change_message": "[{\"added\": {}}]"
    }
  },
  {
    "model": "admin.logentry",
    "pk": 172,
    "fields": {
      "action_time": "2022-08-07T14:53:44.531Z",
      "user": 1,
      "content_type": 14,
      "object_id": "18",
      "object_repr": "VariantMedia object (18)",
      "action_flag": 1,
      "change_message": "[{\"added\": {}}]"
    }
  },
  {
    "model": "admin.logentry",
    "pk": 173,
    "fields": {
      "action_time": "2022-08-07T14:54:01.166Z",
      "user": 1,
      "content_type": 11,
      "object_id": "19",
      "object_repr": "19",
      "action_flag": 1,
      "change_message": "[{\"added\": {}}]"
    }
  },
  {
    "model": "admin.logentry",
    "pk": 174,
    "fields": {
      "action_time": "2022-08-07T14:54:02.405Z",
      "user": 1,
      "content_type": 14,
      "object_id": "19",
      "object_repr": "VariantMedia object (19)",
      "action_flag": 1,
      "change_message": "[{\"added\": {}}]"
    }
  },
  {
    "model": "admin.logentry",
    "pk": 175,
    "fields": {
      "action_time": "2022-08-07T14:54:18.113Z",
      "user": 1,
      "content_type": 11,
      "object_id": "20",
      "object_repr": "20",
      "action_flag": 1,
      "change_message": "[{\"added\": {}}]"
    }
  },
  {
    "model": "admin.logentry",
    "pk": 176,
    "fields": {
      "action_time": "2022-08-07T14:54:19.403Z",
      "user": 1,
      "content_type": 14,
      "object_id": "20",
      "object_repr": "VariantMedia object (20)",
      "action_flag": 1,
      "change_message": "[{\"added\": {}}]"
    }
  },
  {
    "model": "admin.logentry",
    "pk": 177,
    "fields": {
      "action_time": "2022-08-07T14:54:36.656Z",
      "user": 1,
      "content_type": 11,
      "object_id": "21",
      "object_repr": "21",
      "action_flag": 1,
      "change_message": "[{\"added\": {}}]"
    }
  },
  {
    "model": "admin.logentry",
    "pk": 178,
    "fields": {
      "action_time": "2022-08-07T14:54:37.876Z",
      "user": 1,
      "content_type": 14,
      "object_id": "21",
      "object_repr": "VariantMedia object (21)",
      "action_flag": 1,
      "change_message": "[{\"added\": {}}]"
    }
  },
  {
    "model": "admin.logentry",
    "pk": 179,
    "fields": {
      "action_time": "2022-08-07T14:54:54.962Z",
      "user": 1,
      "content_type": 11,
      "object_id": "22",
      "object_repr": "22",
      "action_flag": 1,
      "change_message": "[{\"added\": {}}]"
    }
  },
  {
    "model": "admin.logentry",
    "pk": 180,
    "fields": {
      "action_time": "2022-08-07T14:54:56.622Z",
      "user": 1,
      "content_type": 14,
      "object_id": "22",
      "object_repr": "VariantMedia object (22)",
      "action_flag": 1,
      "change_message": "[{\"added\": {}}]"
    }
  },
  {
    "model": "admin.logentry",
    "pk": 181,
    "fields": {
      "action_time": "2022-08-07T14:55:13.149Z",
      "user": 1,
      "content_type": 11,
      "object_id": "23",
      "object_repr": "23",
      "action_flag": 1,
      "change_message": "[{\"added\": {}}]"
    }
  },
  {
    "model": "admin.logentry",
    "pk": 182,
    "fields": {
      "action_time": "2022-08-07T14:55:14.849Z",
      "user": 1,
      "content_type": 14,
      "object_id": "23",
      "object_repr": "VariantMedia object (23)",
      "action_flag": 1,
      "change_message": "[{\"added\": {}}]"
    }
  },
  {
    "model": "admin.logentry",
    "pk": 183,
    "fields": {
      "action_time": "2022-08-07T14:55:32.178Z",
      "user": 1,
      "content_type": 11,
      "object_id": "24",
      "object_repr": "24",
      "action_flag": 1,
      "change_message": "[{\"added\": {}}]"
    }
  },
  {
    "model": "admin.logentry",
    "pk": 184,
    "fields": {
      "action_time": "2022-08-07T14:55:34.508Z",
      "user": 1,
      "content_type": 14,
      "object_id": "24",
      "object_repr": "VariantMedia object (24)",
      "action_flag": 1,
      "change_message": "[{\"added\": {}}]"
    }
  },
  {
    "model": "admin.logentry",
    "pk": 185,
    "fields": {
      "action_time": "2022-08-07T14:56:49.929Z",
      "user": 1,
      "content_type": 11,
      "object_id": "25",
      "object_repr": "25",
      "action_flag": 1,
      "change_message": "[{\"added\": {}}]"
    }
  },
  {
    "model": "admin.logentry",
    "pk": 186,
    "fields": {
      "action_time": "2022-08-07T14:56:55.474Z",
      "user": 1,
      "content_type": 14,
      "object_id": "25",
      "object_repr": "VariantMedia object (25)",
      "action_flag": 1,
      "change_message": "[{\"added\": {}}]"
    }
  },
  {
    "model": "admin.logentry",
    "pk": 187,
    "fields": {
      "action_time": "2022-08-07T14:57:19.904Z",
      "user": 1,
      "content_type": 11,
      "object_id": "26",
      "object_repr": "26",
      "action_flag": 1,
      "change_message": "[{\"added\": {}}]"
    }
  },
  {
    "model": "admin.logentry",
    "pk": 188,
    "fields": {
      "action_time": "2022-08-07T14:57:21.742Z",
      "user": 1,
      "content_type": 14,
      "object_id": "26",
      "object_repr": "VariantMedia object (26)",
      "action_flag": 1,
      "change_message": "[{\"added\": {}}]"
    }
  },
  {
    "model": "admin.logentry",
    "pk": 189,
    "fields": {
      "action_time": "2022-08-07T14:57:39.308Z",
      "user": 1,
      "content_type": 11,
      "object_id": "27",
      "object_repr": "27",
      "action_flag": 1,
      "change_message": "[{\"added\": {}}]"
    }
  },
  {
    "model": "admin.logentry",
    "pk": 190,
    "fields": {
      "action_time": "2022-08-07T14:57:42.307Z",
      "user": 1,
      "content_type": 14,
      "object_id": "27",
      "object_repr": "VariantMedia object (27)",
      "action_flag": 1,
      "change_message": "[{\"added\": {}}]"
    }
  },
  {
    "model": "admin.logentry",
    "pk": 191,
    "fields": {
      "action_time": "2022-08-07T14:58:00.258Z",
      "user": 1,
      "content_type": 11,
      "object_id": "28",
      "object_repr": "28",
      "action_flag": 1,
      "change_message": "[{\"added\": {}}]"
    }
  },
  {
    "model": "admin.logentry",
    "pk": 192,
    "fields": {
      "action_time": "2022-08-07T14:58:01.673Z",
      "user": 1,
      "content_type": 14,
      "object_id": "28",
      "object_repr": "VariantMedia object (28)",
      "action_flag": 1,
      "change_message": "[{\"added\": {}}]"
    }
  },
  {
    "model": "admin.logentry",
    "pk": 193,
    "fields": {
      "action_time": "2022-08-07T14:58:21.357Z",
      "user": 1,
      "content_type": 11,
      "object_id": "29",
      "object_repr": "29",
      "action_flag": 1,
      "change_message": "[{\"added\": {}}]"
    }
  },
  {
    "model": "admin.logentry",
    "pk": 194,
    "fields": {
      "action_time": "2022-08-07T14:58:22.595Z",
      "user": 1,
      "content_type": 14,
      "object_id": "29",
      "object_repr": "VariantMedia object (29)",
      "action_flag": 1,
      "change_message": "[{\"added\": {}}]"
    }
  },
  {
    "model": "admin.logentry",
    "pk": 195,
    "fields": {
      "action_time": "2022-08-07T14:58:48.556Z",
      "user": 1,
      "content_type": 11,
      "object_id": "30",
      "object_repr": "30",
      "action_flag": 1,
      "change_message": "[{\"added\": {}}]"
    }
  },
  {
    "model": "admin.logentry",
    "pk": 196,
    "fields": {
      "action_time": "2022-08-07T14:58:50.213Z",
      "user": 1,
      "content_type": 14,
      "object_id": "30",
      "object_repr": "VariantMedia object (30)",
      "action_flag": 1,
      "change_message": "[{\"added\": {}}]"
    }
  },
  {
    "model": "admin.logentry",
    "pk": 197,
    "fields": {
      "action_time": "2022-08-07T14:59:10.810Z",
      "user": 1,
      "content_type": 11,
      "object_id": "31",
      "object_repr": "31",
      "action_flag": 1,
      "change_message": "[{\"added\": {}}]"
    }
  },
  {
    "model": "admin.logentry",
    "pk": 198,
    "fields": {
      "action_time": "2022-08-07T14:59:12.122Z",
      "user": 1,
      "content_type": 14,
      "object_id": "31",
      "object_repr": "VariantMedia object (31)",
      "action_flag": 1,
      "change_message": "[{\"added\": {}}]"
    }
  },
  {
    "model": "admin.logentry",
    "pk": 199,
    "fields": {
      "action_time": "2022-08-07T14:59:28.879Z",
      "user": 1,
      "content_type": 11,
      "object_id": "32",
      "object_repr": "32",
      "action_flag": 1,
      "change_message": "[{\"added\": {}}]"
    }
  },
  {
    "model": "admin.logentry",
    "pk": 200,
    "fields": {
      "action_time": "2022-08-07T14:59:30.041Z",
      "user": 1,
      "content_type": 14,
      "object_id": "32",
      "object_repr": "VariantMedia object (32)",
      "action_flag": 1,
      "change_message": "[{\"added\": {}}]"
    }
  },
  {
    "model": "admin.logentry",
    "pk": 201,
    "fields": {
      "action_time": "2022-08-07T14:59:45.377Z",
      "user": 1,
      "content_type": 11,
      "object_id": "33",
      "object_repr": "33",
      "action_flag": 1,
      "change_message": "[{\"added\": {}}]"
    }
  },
  {
    "model": "admin.logentry",
    "pk": 202,
    "fields": {
      "action_time": "2022-08-07T14:59:46.499Z",
      "user": 1,
      "content_type": 14,
      "object_id": "33",
      "object_repr": "VariantMedia object (33)",
      "action_flag": 1,
      "change_message": "[{\"added\": {}}]"
    }
  },
  {
    "model": "admin.logentry",
    "pk": 203,
    "fields": {
      "action_time": "2022-08-07T15:00:07.433Z",
      "user": 1,
      "content_type": 11,
      "object_id": "34",
      "object_repr": "34",
      "action_flag": 1,
      "change_message": "[{\"added\": {}}]"
    }
  },
  {
    "model": "admin.logentry",
    "pk": 204,
    "fields": {
      "action_time": "2022-08-07T15:00:08.563Z",
      "user": 1,
      "content_type": 14,
      "object_id": "34",
      "object_repr": "VariantMedia object (34)",
      "action_flag": 1,
      "change_message": "[{\"added\": {}}]"
    }
  },
  {
    "model": "admin.logentry",
    "pk": 205,
    "fields": {
      "action_time": "2022-08-07T15:00:23.684Z",
      "user": 1,
      "content_type": 11,
      "object_id": "35",
      "object_repr": "35",
      "action_flag": 1,
      "change_message": "[{\"added\": {}}]"
    }
  },
  {
    "model": "admin.logentry",
    "pk": 206,
    "fields": {
      "action_time": "2022-08-07T15:00:25.109Z",
      "user": 1,
      "content_type": 14,
      "object_id": "35",
      "object_repr": "VariantMedia object (35)",
      "action_flag": 1,
      "change_message": "[{\"added\": {}}]"
    }
  },
  {
    "model": "admin.logentry",
    "pk": 207,
    "fields": {
      "action_time": "2022-08-07T15:00:39.333Z",
      "user": 1,
      "content_type": 11,
      "object_id": "36",
      "object_repr": "36",
      "action_flag": 1,
      "change_message": "[{\"added\": {}}]"
    }
  },
  {
    "model": "admin.logentry",
    "pk": 208,
    "fields": {
      "action_time": "2022-08-07T15:00:40.312Z",
      "user": 1,
      "content_type": 14,
      "object_id": "36",
      "object_repr": "VariantMedia object (36)",
      "action_flag": 1,
      "change_message": "[{\"added\": {}}]"
    }
  },
  {
    "model": "admin.logentry",
    "pk": 209,
    "fields": {
      "action_time": "2022-08-07T15:00:54.928Z",
      "user": 1,
      "content_type": 11,
      "object_id": "37",
      "object_repr": "37",
      "action_flag": 1,
      "change_message": "[{\"added\": {}}]"
    }
  },
  {
    "model": "admin.logentry",
    "pk": 210,
    "fields": {
      "action_time": "2022-08-07T15:00:55.804Z",
      "user": 1,
      "content_type": 14,
      "object_id": "37",
      "object_repr": "VariantMedia object (37)",
      "action_flag": 1,
      "change_message": "[{\"added\": {}}]"
    }
  },
  {
    "model": "admin.logentry",
    "pk": 211,
    "fields": {
      "action_time": "2022-08-07T15:01:10.955Z",
      "user": 1,
      "content_type": 11,
      "object_id": "38",
      "object_repr": "38",
      "action_flag": 1,
      "change_message": "[{\"added\": {}}]"
    }
  },
  {
    "model": "admin.logentry",
    "pk": 212,
    "fields": {
      "action_time": "2022-08-07T15:01:12.127Z",
      "user": 1,
      "content_type": 14,
      "object_id": "38",
      "object_repr": "VariantMedia object (38)",
      "action_flag": 1,
      "change_message": "[{\"added\": {}}]"
    }
  },
  {
    "model": "admin.logentry",
    "pk": 213,
    "fields": {
      "action_time": "2022-08-07T15:01:25.742Z",
      "user": 1,
      "content_type": 11,
      "object_id": "39",
      "object_repr": "39",
      "action_flag": 1,
      "change_message": "[{\"added\": {}}]"
    }
  },
  {
    "model": "admin.logentry",
    "pk": 214,
    "fields": {
      "action_time": "2022-08-07T15:01:26.678Z",
      "user": 1,
      "content_type": 14,
      "object_id": "39",
      "object_repr": "VariantMedia object (39)",
      "action_flag": 1,
      "change_message": "[{\"added\": {}}]"
    }
  },
  {
    "model": "admin.logentry",
    "pk": 215,
    "fields": {
      "action_time": "2022-08-07T15:01:44.375Z",
      "user": 1,
      "content_type": 11,
      "object_id": "40",
      "object_repr": "40",
      "action_flag": 1,
      "change_message": "[{\"added\": {}}]"
    }
  },
  {
    "model": "admin.logentry",
    "pk": 216,
    "fields": {
      "action_time": "2022-08-07T15:01:46.103Z",
      "user": 1,
      "content_type": 14,
      "object_id": "40",
      "object_repr": "VariantMedia object (40)",
      "action_flag": 1,
      "change_message": "[{\"added\": {}}]"
    }
  },
  {
    "model": "admin.logentry",
    "pk": 217,
    "fields": {
      "action_time": "2022-08-07T15:02:09.319Z",
      "user": 1,
      "content_type": 11,
      "object_id": "41",
      "object_repr": "41",
      "action_flag": 1,
      "change_message": "[{\"added\": {}}]"
    }
  },
  {
    "model": "admin.logentry",
    "pk": 218,
    "fields": {
      "action_time": "2022-08-07T15:02:10.555Z",
      "user": 1,
      "content_type": 14,
      "object_id": "41",
      "object_repr": "VariantMedia object (41)",
      "action_flag": 1,
      "change_message": "[{\"added\": {}}]"
    }
  },
  {
    "model": "admin.logentry",
    "pk": 219,
    "fields": {
      "action_time": "2022-08-07T15:02:28.435Z",
      "user": 1,
      "content_type": 11,
      "object_id": "42",
      "object_repr": "42",
      "action_flag": 1,
      "change_message": "[{\"added\": {}}]"
    }
  },
  {
    "model": "admin.logentry",
    "pk": 220,
    "fields": {
      "action_time": "2022-08-07T15:02:29.355Z",
      "user": 1,
      "content_type": 14,
      "object_id": "42",
      "object_repr": "VariantMedia object (42)",
      "action_flag": 1,
      "change_message": "[{\"added\": {}}]"
    }
  },
  {
    "model": "admin.logentry",
    "pk": 221,
    "fields": {
      "action_time": "2022-08-08T07:35:32.202Z",
      "user": 1,
      "content_type": 13,
      "object_id": "43",
      "object_repr": "check",
      "action_flag": 1,
      "change_message": "[{\"added\": {}}]"
    }
  },
  {
    "model": "admin.logentry",
    "pk": 222,
    "fields": {
      "action_time": "2022-08-08T07:35:45.731Z",
      "user": 1,
      "content_type": 13,
      "object_id": "43",
      "object_repr": "check",
      "action_flag": 3,
      "change_message": ""
    }
  },
  {
    "model": "admin.logentry",
    "pk": 223,
    "fields": {
      "action_time": "2022-08-08T07:44:52.140Z",
      "user": 1,
      "content_type": 13,
      "object_id": "44",
      "object_repr": "check",
      "action_flag": 1,
      "change_message": "[{\"added\": {}}]"
    }
  },
  {
    "model": "admin.logentry",
    "pk": 224,
    "fields": {
      "action_time": "2022-08-08T07:44:59.881Z",
      "user": 1,
      "content_type": 13,
      "object_id": "44",
      "object_repr": "check",
      "action_flag": 3,
      "change_message": ""
    }
  },
  {
    "model": "admin.logentry",
    "pk": 225,
    "fields": {
      "action_time": "2022-08-08T08:06:20.682Z",
      "user": 1,
      "content_type": 13,
      "object_id": "1",
      "object_repr": "iphone-11-base",
      "action_flag": 2,
      "change_message": "[{\"changed\": {\"fields\": [\"Product sku\"]}}]"
    }
  },
  {
    "model": "admin.logentry",
    "pk": 226,
    "fields": {
      "action_time": "2022-08-08T08:06:25.133Z",
      "user": 1,
      "content_type": 13,
      "object_id": "2",
      "object_repr": "iphone-11-better",
      "action_flag": 2,
      "change_message": "[{\"changed\": {\"fields\": [\"Product sku\"]}}]"
    }
  },
  {
    "model": "admin.logentry",
    "pk": 227,
    "fields": {
      "action_time": "2022-08-08T08:06:28.987Z",
      "user": 1,
      "content_type": 13,
      "object_id": "3",
      "object_repr": "iphone-11-best",
      "action_flag": 2,
      "change_message": "[{\"changed\": {\"fields\": [\"Product sku\"]}}]"
    }
  },
  {
    "model": "admin.logentry",
    "pk": 228,
    "fields": {
      "action_time": "2022-08-08T08:06:33.737Z",
      "user": 1,
      "content_type": 13,
      "object_id": "4",
      "object_repr": "dress-base",
      "action_flag": 2,
      "change_message": "[{\"changed\": {\"fields\": [\"Product sku\"]}}]"
    }
  },
  {
    "model": "admin.logentry",
    "pk": 229,
    "fields": {
      "action_time": "2022-08-08T08:06:38.694Z",
      "user": 1,
      "content_type": 13,
      "object_id": "5",
      "object_repr": "dress-better",
      "action_flag": 2,
      "change_message": "[{\"changed\": {\"fields\": [\"Product sku\"]}}]"
    }
  },
  {
    "model": "admin.logentry",
    "pk": 230,
    "fields": {
      "action_time": "2022-08-08T08:06:47.599Z",
      "user": 1,
      "content_type": 13,
      "object_id": "6",
      "object_repr": "dress-best",
      "action_flag": 2,
      "change_message": "[{\"changed\": {\"fields\": [\"Product sku\"]}}]"
    }
  },
  {
    "model": "admin.logentry",
    "pk": 231,
    "fields": {
      "action_time": "2022-08-08T08:06:52.760Z",
      "user": 1,
      "content_type": 13,
      "object_id": "7",
      "object_repr": "pampers-base",
      "action_flag": 2,
      "change_message": "[{\"changed\": {\"fields\": [\"Product sku\"]}}]"
    }
  },
  {
    "model": "admin.logentry",
    "pk": 232,
    "fields": {
      "action_time": "2022-08-08T08:06:57.353Z",
      "user": 1,
      "content_type": 13,
      "object_id": "9",
      "object_repr": "pampers-best",
      "action_flag": 2,
      "change_message": "[{\"changed\": {\"fields\": [\"Product sku\"]}}]"
    }
  },
  {
    "model": "admin.logentry",
    "pk": 233,
    "fields": {
      "action_time": "2022-08-08T08:07:01.910Z",
      "user": 1,
      "content_type": 13,
      "object_id": "10",
      "object_repr": "sneakers-base",
      "action_flag": 2,
      "change_message": "[{\"changed\": {\"fields\": [\"Product sku\"]}}]"
    }
  },
  {
    "model": "admin.logentry",
    "pk": 234,
    "fields": {
      "action_time": "2022-08-08T08:07:05.879Z",
      "user": 1,
      "content_type": 13,
      "object_id": "11",
      "object_repr": "sneakers-better",
      "action_flag": 2,
      "change_message": "[{\"changed\": {\"fields\": [\"Product sku\"]}}]"
    }
  },
  {
    "model": "admin.logentry",
    "pk": 235,
    "fields": {
      "action_time": "2022-08-08T08:07:15.486Z",
      "user": 1,
      "content_type": 13,
      "object_id": "12",
      "object_repr": "sneakers-best",
      "action_flag": 2,
      "change_message": "[{\"changed\": {\"fields\": [\"Product sku\"]}}]"
    }
  },
  {
    "model": "admin.logentry",
    "pk": 236,
    "fields": {
      "action_time": "2022-08-08T08:07:19.114Z",
      "user": 1,
      "content_type": 13,
      "object_id": "13",
      "object_repr": "jacket-base",
      "action_flag": 2,
      "change_message": "[{\"changed\": {\"fields\": [\"Product sku\"]}}]"
    }
  },
  {
    "model": "admin.logentry",
    "pk": 237,
    "fields": {
      "action_time": "2022-08-08T08:07:23.941Z",
      "user": 1,
      "content_type": 13,
      "object_id": "14",
      "object_repr": "jacket-better",
      "action_flag": 2,
      "change_message": "[{\"changed\": {\"fields\": [\"Product sku\"]}}]"
    }
  },
  {
    "model": "admin.logentry",
    "pk": 238,
    "fields": {
      "action_time": "2022-08-08T08:07:30.266Z",
      "user": 1,
      "content_type": 13,
      "object_id": "15",
      "object_repr": "jacket-best",
      "action_flag": 2,
      "change_message": "[{\"changed\": {\"fields\": [\"Product sku\"]}}]"
    }
  },
  {
    "model": "admin.logentry",
    "pk": 239,
    "fields": {
      "action_time": "2022-08-08T08:07:35.138Z",
      "user": 1,
      "content_type": 13,
      "object_id": "16",
      "object_repr": "monoblock-base",
      "action_flag": 2,
      "change_message": "[{\"changed\": {\"fields\": [\"Product sku\"]}}]"
    }
  },
  {
    "model": "admin.logentry",
    "pk": 240,
    "fields": {
      "action_time": "2022-08-08T08:07:39.605Z",
      "user": 1,
      "content_type": 13,
      "object_id": "17",
      "object_repr": "monoblock-better",
      "action_flag": 2,
      "change_message": "[{\"changed\": {\"fields\": [\"Product sku\"]}}]"
    }
  },
  {
    "model": "admin.logentry",
    "pk": 241,
    "fields": {
      "action_time": "2022-08-08T08:07:45.384Z",
      "user": 1,
      "content_type": 13,
      "object_id": "18",
      "object_repr": "monoblock-best",
      "action_flag": 2,
      "change_message": "[{\"changed\": {\"fields\": [\"Product sku\"]}}]"
    }
  },
  {
    "model": "admin.logentry",
    "pk": 242,
    "fields": {
      "action_time": "2022-08-08T08:07:50.220Z",
      "user": 1,
      "content_type": 13,
      "object_id": "19",
      "object_repr": "office-base",
      "action_flag": 2,
      "change_message": "[{\"changed\": {\"fields\": [\"Product sku\"]}}]"
    }
  },
  {
    "model": "admin.logentry",
    "pk": 243,
    "fields": {
      "action_time": "2022-08-08T08:07:55.323Z",
      "user": 1,
      "content_type": 13,
      "object_id": "20",
      "object_repr": "office-better",
      "action_flag": 2,
      "change_message": "[{\"changed\": {\"fields\": [\"Product sku\"]}}]"
    }
  },
  {
    "model": "admin.logentry",
    "pk": 244,
    "fields": {
      "action_time": "2022-08-08T08:08:01.204Z",
      "user": 1,
      "content_type": 13,
      "object_id": "21",
      "object_repr": "office-best",
      "action_flag": 2,
      "change_message": "[{\"changed\": {\"fields\": [\"Product sku\"]}}]"
    }
  },
  {
    "model": "admin.logentry",
    "pk": 245,
    "fields": {
      "action_time": "2022-08-08T08:08:07.710Z",
      "user": 1,
      "content_type": 13,
      "object_id": "22",
      "object_repr": "office-chair-base",
      "action_flag": 2,
      "change_message": "[{\"changed\": {\"fields\": [\"Product sku\"]}}]"
    }
  },
  {
    "model": "admin.logentry",
    "pk": 246,
    "fields": {
      "action_time": "2022-08-08T08:08:12.547Z",
      "user": 1,
      "content_type": 13,
      "object_id": "23",
      "object_repr": "office-chair-better",
      "action_flag": 2,
      "change_message": "[{\"changed\": {\"fields\": [\"Product sku\"]}}]"
    }
  },
  {
    "model": "admin.logentry",
    "pk": 247,
    "fields": {
      "action_time": "2022-08-08T08:08:16.705Z",
      "user": 1,
      "content_type": 13,
      "object_id": "24",
      "object_repr": "office-chair-best",
      "action_flag": 2,
      "change_message": "[{\"changed\": {\"fields\": [\"Product sku\"]}}]"
    }
  },
  {
    "model": "admin.logentry",
    "pk": 248,
    "fields": {
      "action_time": "2022-08-08T08:08:21.405Z",
      "user": 1,
      "content_type": 13,
      "object_id": "25",
      "object_repr": "quadcopter-base",
      "action_flag": 2,
      "change_message": "[{\"changed\": {\"fields\": [\"Product sku\"]}}]"
    }
  },
  {
    "model": "admin.logentry",
    "pk": 249,
    "fields": {
      "action_time": "2022-08-08T08:08:25.424Z",
      "user": 1,
      "content_type": 13,
      "object_id": "26",
      "object_repr": "quadcopter-better",
      "action_flag": 2,
      "change_message": "[{\"changed\": {\"fields\": [\"Product sku\"]}}]"
    }
  },
  {
    "model": "admin.logentry",
    "pk": 250,
    "fields": {
      "action_time": "2022-08-08T08:08:29.890Z",
      "user": 1,
      "content_type": 13,
      "object_id": "27",
      "object_repr": "quadcopter-best",
      "action_flag": 2,
      "change_message": "[{\"changed\": {\"fields\": [\"Product sku\"]}}]"
    }
  },
  {
    "model": "admin.logentry",
    "pk": 251,
    "fields": {
      "action_time": "2022-08-08T08:08:34.538Z",
      "user": 1,
      "content_type": 13,
      "object_id": "28",
      "object_repr": "shower-gel-base",
      "action_flag": 2,
      "change_message": "[{\"changed\": {\"fields\": [\"Product sku\"]}}]"
    }
  },
  {
    "model": "admin.logentry",
    "pk": 252,
    "fields": {
      "action_time": "2022-08-08T08:08:38.317Z",
      "user": 1,
      "content_type": 13,
      "object_id": "29",
      "object_repr": "shower-gel-better",
      "action_flag": 2,
      "change_message": "[{\"changed\": {\"fields\": [\"Product sku\"]}}]"
    }
  },
  {
    "model": "admin.logentry",
    "pk": 253,
    "fields": {
      "action_time": "2022-08-08T08:08:41.924Z",
      "user": 1,
      "content_type": 13,
      "object_id": "30",
      "object_repr": "shower-gel-best",
      "action_flag": 2,
      "change_message": "[{\"changed\": {\"fields\": [\"Product sku\"]}}]"
    }
  },
  {
    "model": "admin.logentry",
    "pk": 254,
    "fields": {
      "action_time": "2022-08-08T08:08:48.879Z",
      "user": 1,
      "content_type": 13,
      "object_id": "31",
      "object_repr": "tablet-base",
      "action_flag": 2,
      "change_message": "[{\"changed\": {\"fields\": [\"Product sku\"]}}]"
    }
  },
  {
    "model": "admin.logentry",
    "pk": 255,
    "fields": {
      "action_time": "2022-08-08T08:08:52.514Z",
      "user": 1,
      "content_type": 13,
      "object_id": "32",
      "object_repr": "tablet-better",
      "action_flag": 2,
      "change_message": "[{\"changed\": {\"fields\": [\"Product sku\"]}}]"
    }
  },
  {
    "model": "admin.logentry",
    "pk": 256,
    "fields": {
      "action_time": "2022-08-08T08:08:56.150Z",
      "user": 1,
      "content_type": 13,
      "object_id": "33",
      "object_repr": "tablet-best",
      "action_flag": 2,
      "change_message": "[{\"changed\": {\"fields\": [\"Product sku\"]}}]"
    }
  },
  {
    "model": "admin.logentry",
    "pk": 257,
    "fields": {
      "action_time": "2022-08-08T08:09:05.869Z",
      "user": 1,
      "content_type": 13,
      "object_id": "34",
      "object_repr": "tv-home-base",
      "action_flag": 2,
      "change_message": "[{\"changed\": {\"fields\": [\"Product sku\"]}}]"
    }
  },
  {
    "model": "admin.logentry",
    "pk": 258,
    "fields": {
      "action_time": "2022-08-08T08:09:09.442Z",
      "user": 1,
      "content_type": 13,
      "object_id": "35",
      "object_repr": "tv-home-better",
      "action_flag": 2,
      "change_message": "[{\"changed\": {\"fields\": [\"Product sku\"]}}]"
    }
  },
  {
    "model": "admin.logentry",
    "pk": 259,
    "fields": {
      "action_time": "2022-08-08T08:09:19.219Z",
      "user": 1,
      "content_type": 13,
      "object_id": "36",
      "object_repr": "tv-home-best",
      "action_flag": 2,
      "change_message": "[{\"changed\": {\"fields\": [\"Product sku\"]}}]"
    }
  },
  {
    "model": "admin.logentry",
    "pk": 260,
    "fields": {
      "action_time": "2022-08-08T08:09:23.719Z",
      "user": 1,
      "content_type": 13,
      "object_id": "37",
      "object_repr": "apple-watch-base",
      "action_flag": 2,
      "change_message": "[{\"changed\": {\"fields\": [\"Product sku\"]}}]"
    }
  },
  {
    "model": "admin.logentry",
    "pk": 261,
    "fields": {
      "action_time": "2022-08-08T08:09:27.349Z",
      "user": 1,
      "content_type": 13,
      "object_id": "38",
      "object_repr": "apple-watch-better",
      "action_flag": 2,
      "change_message": "[{\"changed\": {\"fields\": [\"Product sku\"]}}]"
    }
  },
  {
    "model": "admin.logentry",
    "pk": 262,
    "fields": {
      "action_time": "2022-08-08T08:09:31.289Z",
      "user": 1,
      "content_type": 13,
      "object_id": "39",
      "object_repr": "apple-watch-best",
      "action_flag": 2,
      "change_message": "[{\"changed\": {\"fields\": [\"Product sku\"]}}]"
    }
  },
  {
    "model": "admin.logentry",
    "pk": 263,
    "fields": {
      "action_time": "2022-08-08T08:09:35.080Z",
      "user": 1,
      "content_type": 13,
      "object_id": "40",
      "object_repr": "keyboard-base",
      "action_flag": 2,
      "change_message": "[{\"changed\": {\"fields\": [\"Product sku\"]}}]"
    }
  },
  {
    "model": "admin.logentry",
    "pk": 264,
    "fields": {
      "action_time": "2022-08-08T08:09:38.809Z",
      "user": 1,
      "content_type": 13,
      "object_id": "41",
      "object_repr": "keyboard-better",
      "action_flag": 2,
      "change_message": "[{\"changed\": {\"fields\": [\"Product sku\"]}}]"
    }
  },
  {
    "model": "admin.logentry",
    "pk": 265,
    "fields": {
      "action_time": "2022-08-08T08:09:46.547Z",
      "user": 1,
      "content_type": 13,
      "object_id": "42",
      "object_repr": "keyboard-best",
      "action_flag": 2,
      "change_message": "[{\"changed\": {\"fields\": [\"Product sku\"]}}]"
    }
  },
  {
    "model": "admin.logentry",
    "pk": 266,
    "fields": {
      "action_time": "2022-08-09T11:44:48.015Z",
      "user": 1,
      "content_type": 10,
      "object_id": "3",
      "object_repr": "Pampers Huggies",
      "action_flag": 2,
      "change_message": "[{\"changed\": {\"fields\": [\"Is bestseller\"]}}]"
    }
  },
  {
    "model": "admin.logentry",
    "pk": 267,
    "fields": {
      "action_time": "2022-08-09T14:18:42.701Z",
      "user": 1,
      "content_type": 16,
      "object_id": "1",
      "object_repr": "Like object (1)",
      "action_flag": 1,
      "change_message": "[{\"added\": {}}]"
    }
  },
  {
    "model": "admin.logentry",
    "pk": 268,
    "fields": {
      "action_time": "2022-08-10T13:48:28.990Z",
      "user": 1,
      "content_type": 16,
      "object_id": "24",
      "object_repr": "Like object (24)",
      "action_flag": 1,
      "change_message": "[{\"added\": {}}]"
    }
  },
  {
    "model": "admin.logentry",
    "pk": 269,
    "fields": {
      "action_time": "2022-08-10T13:48:47.304Z",
      "user": 1,
      "content_type": 16,
      "object_id": "24",
      "object_repr": "Like object (24)",
      "action_flag": 2,
      "change_message": "[]"
    }
  },
  {
    "model": "admin.logentry",
    "pk": 270,
    "fields": {
      "action_time": "2022-08-10T13:51:08.472Z",
      "user": 1,
      "content_type": 16,
      "object_id": "24",
      "object_repr": "Like object (24)",
      "action_flag": 2,
      "change_message": "[]"
    }
  },
  {
    "model": "admin.logentry",
    "pk": 271,
    "fields": {
      "action_time": "2022-08-10T13:51:22.971Z",
      "user": 1,
      "content_type": 16,
      "object_id": "24",
      "object_repr": "Like object (24)",
      "action_flag": 2,
      "change_message": "[{\"changed\": {\"fields\": [\"Product\"]}}]"
    }
  },
  {
    "model": "admin.logentry",
    "pk": 272,
    "fields": {
      "action_time": "2022-08-10T13:51:27.644Z",
      "user": 1,
      "content_type": 16,
      "object_id": "24",
      "object_repr": "Like object (24)",
      "action_flag": 2,
      "change_message": "[{\"changed\": {\"fields\": [\"Product\"]}}]"
    }
  },
  {
    "model": "admin.logentry",
    "pk": 273,
    "fields": {
      "action_time": "2022-08-10T13:52:10.428Z",
      "user": 1,
      "content_type": 16,
      "object_id": "24",
      "object_repr": "Like object (24)",
      "action_flag": 2,
      "change_message": "[]"
    }
  },
  {
    "model": "admin.logentry",
    "pk": 274,
    "fields": {
      "action_time": "2022-08-10T13:52:13.114Z",
      "user": 1,
      "content_type": 16,
      "object_id": "24",
      "object_repr": "Like object (24)",
      "action_flag": 2,
      "change_message": "[{\"changed\": {\"fields\": [\"Vote\"]}}]"
    }
  },
  {
    "model": "admin.logentry",
    "pk": 275,
    "fields": {
      "action_time": "2022-08-10T13:53:10.860Z",
      "user": 1,
      "content_type": 16,
      "object_id": "24",
      "object_repr": "Like object (24)",
      "action_flag": 2,
      "change_message": "[{\"changed\": {\"fields\": [\"Vote\"]}}]"
    }
  },
  {
    "model": "admin.logentry",
    "pk": 276,
    "fields": {
      "action_time": "2022-08-11T08:50:13.345Z",
      "user": 1,
      "content_type": 9,
      "object_id": "12",
      "object_repr": "Category: Cosmetics",
      "action_flag": 1,
      "change_message": "[{\"added\": {}}]"
    }
  },
  {
    "model": "admin.logentry",
    "pk": 277,
    "fields": {
      "action_time": "2022-08-11T08:51:18.035Z",
      "user": 1,
      "content_type": 9,
      "object_id": "13",
      "object_repr": "Category: Maintenance products",
      "action_flag": 1,
      "change_message": "[{\"added\": {}}]"
    }
  },
  {
    "model": "admin.logentry",
    "pk": 278,
    "fields": {
      "action_time": "2022-08-11T08:53:03.198Z",
      "user": 1,
      "content_type": 9,
      "object_id": "14",
      "object_repr": "Category: Shampoos",
      "action_flag": 1,
      "change_message": "[{\"added\": {}}]"
    }
  },
  {
    "model": "admin.logentry",
    "pk": 279,
    "fields": {
      "action_time": "2022-08-11T08:54:07.549Z",
      "user": 1,
      "content_type": 9,
      "object_id": "15",
      "object_repr": "Category: Make-up",
      "action_flag": 1,
      "change_message": "[{\"added\": {}}]"
    }
  },
  {
    "model": "admin.logentry",
    "pk": 280,
    "fields": {
      "action_time": "2022-08-11T08:56:51.730Z",
      "user": 1,
      "content_type": 9,
      "object_id": "16",
      "object_repr": "Category: For women",
      "action_flag": 1,
      "change_message": "[{\"added\": {}}]"
    }
  },
  {
    "model": "admin.logentry",
    "pk": 281,
    "fields": {
      "action_time": "2022-08-11T08:57:25.203Z",
      "user": 1,
      "content_type": 9,
      "object_id": "17",
      "object_repr": "Category: For men",
      "action_flag": 1,
      "change_message": "[{\"added\": {}}]"
    }
  },
  {
    "model": "admin.logentry",
    "pk": 282,
    "fields": {
      "action_time": "2022-08-11T08:58:12.661Z",
      "user": 1,
      "content_type": 9,
      "object_id": "18",
      "object_repr": "Category: T-shirts and shirts",
      "action_flag": 1,
      "change_message": "[{\"added\": {}}]"
    }
  },
  {
    "model": "admin.logentry",
    "pk": 283,
    "fields": {
      "action_time": "2022-08-11T08:58:42.313Z",
      "user": 1,
      "content_type": 9,
      "object_id": "19",
      "object_repr": "Category: Dresses & sundresses",
      "action_flag": 1,
      "change_message": "[{\"added\": {}}]"
    }
  },
  {
    "model": "admin.logentry",
    "pk": 284,
    "fields": {
      "action_time": "2022-08-11T09:01:18.616Z",
      "user": 1,
      "content_type": 9,
      "object_id": "20",
      "object_repr": "Category: Laptops",
      "action_flag": 1,
      "change_message": "[{\"added\": {}}]"
    }
  },
  {
    "model": "admin.logentry",
    "pk": 285,
    "fields": {
      "action_time": "2022-08-11T09:02:23.793Z",
      "user": 1,
      "content_type": 9,
      "object_id": "21",
      "object_repr": "Category: Games for consoles and PCs",
      "action_flag": 1,
      "change_message": "[{\"added\": {}}]"
    }
  },
  {
    "model": "admin.logentry",
    "pk": 286,
    "fields": {
      "action_time": "2022-08-11T09:05:00.384Z",
      "user": 1,
      "content_type": 9,
      "object_id": "22",
      "object_repr": "Category: Smartphones",
      "action_flag": 1,
      "change_message": "[{\"added\": {}}]"
    }
  },
  {
    "model": "admin.logentry",
    "pk": 287,
    "fields": {
      "action_time": "2022-08-11T09:05:16.860Z",
      "user": 1,
      "content_type": 9,
      "object_id": "23",
      "object_repr": "Category: Gadgets",
      "action_flag": 1,
      "change_message": "[{\"added\": {}}]"
    }
  },
  {
    "model": "admin.logentry",
    "pk": 288,
    "fields": {
      "action_time": "2022-08-11T09:07:48.317Z",
      "user": 1,
      "content_type": 9,
      "object_id": "24",
      "object_repr": "Category: Dishes",
      "action_flag": 1,
      "change_message": "[{\"added\": {}}]"
    }
  },
  {
    "model": "admin.logentry",
    "pk": 289,
    "fields": {
      "action_time": "2022-08-11T09:08:40.099Z",
      "user": 1,
      "content_type": 9,
      "object_id": "25",
      "object_repr": "Category: Cooking",
      "action_flag": 1,
      "change_message": "[{\"added\": {}}]"
    }
  },
  {
    "model": "admin.logentry",
    "pk": 290,
    "fields": {
      "action_time": "2022-08-11T09:10:16.994Z",
      "user": 1,
      "content_type": 9,
      "object_id": "26",
      "object_repr": "Category: Large kitchen appliances",
      "action_flag": 1,
      "change_message": "[{\"added\": {}}]"
    }
  },
  {
    "model": "admin.logentry",
    "pk": 291,
    "fields": {
      "action_time": "2022-08-11T09:10:50.462Z",
      "user": 1,
      "content_type": 9,
      "object_id": "27",
      "object_repr": "Category: Refrigerators",
      "action_flag": 1,
      "change_message": "[{\"added\": {}}]"
    }
  },
  {
    "model": "admin.logentry",
    "pk": 292,
    "fields": {
      "action_time": "2022-08-11T09:14:40.207Z",
      "user": 1,
      "content_type": 9,
      "object_id": "28",
      "object_repr": "Category: Chairs",
      "action_flag": 1,
      "change_message": "[{\"added\": {}}]"
    }
  },
  {
    "model": "admin.logentry",
    "pk": 293,
    "fields": {
      "action_time": "2022-08-11T09:15:08.380Z",
      "user": 1,
      "content_type": 9,
      "object_id": "29",
      "object_repr": "Category: Standing chairs",
      "action_flag": 1,
      "change_message": "[{\"added\": {}}]"
    }
  },
  {
    "model": "admin.logentry",
    "pk": 294,
    "fields": {
      "action_time": "2022-08-11T09:16:39.114Z",
      "user": 1,
      "content_type": 9,
      "object_id": "30",
      "object_repr": "Category: Toys and games",
      "action_flag": 1,
      "change_message": "[{\"added\": {}}]"
    }
  },
  {
    "model": "admin.logentry",
    "pk": 295,
    "fields": {
      "action_time": "2022-08-11T09:17:03.537Z",
      "user": 1,
      "content_type": 9,
      "object_id": "31",
      "object_repr": "Category: Gifts for school",
      "action_flag": 1,
      "change_message": "[{\"added\": {}}]"
    }
  },
  {
    "model": "admin.logentry",
    "pk": 296,
    "fields": {
      "action_time": "2022-08-11T11:18:02.470Z",
      "user": 1,
      "content_type": 9,
      "object_id": "8",
      "object_repr": "Category: Smartphones and gadgets",
      "action_flag": 2,
      "change_message": "[{\"changed\": {\"fields\": [\"Background image\", \"Relative to\"]}}]"
    }
  },
  {
    "model": "admin.logentry",
    "pk": 297,
    "fields": {
      "action_time": "2022-08-12T13:19:57.743Z",
      "user": 1,
      "content_type": 12,
      "object_id": "15",
      "object_repr": "computers",
      "action_flag": 1,
      "change_message": "[{\"added\": {}}]"
    }
  },
  {
    "model": "admin.logentry",
    "pk": 298,
    "fields": {
      "action_time": "2022-08-12T13:20:16.501Z",
      "user": 1,
      "content_type": 10,
      "object_id": "15",
      "object_repr": "Computer",
      "action_flag": 1,
      "change_message": "[{\"added\": {}}]"
    }
  },
  {
    "model": "admin.logentry",
    "pk": 299,
    "fields": {
      "action_time": "2022-08-12T13:21:18.697Z",
      "user": 1,
      "content_type": 13,
      "object_id": "45",
      "object_repr": "computer-base",
      "action_flag": 1,
      "change_message": "[{\"added\": {}}]"
    }
  },
  {
    "model": "admin.logentry",
    "pk": 300,
    "fields": {
      "action_time": "2022-08-12T13:23:06.570Z",
      "user": 1,
      "content_type": 13,
      "object_id": "46",
      "object_repr": "computer-better",
      "action_flag": 1,
      "change_message": "[{\"added\": {}}]"
    }
  },
  {
    "model": "admin.logentry",
    "pk": 301,
    "fields": {
      "action_time": "2022-08-12T13:23:22.117Z",
      "user": 1,
      "content_type": 13,
      "object_id": "47",
      "object_repr": "computer-best",
      "action_flag": 1,
      "change_message": "[{\"added\": {}}]"
    }
  },
  {
    "model": "admin.logentry",
    "pk": 302,
    "fields": {
      "action_time": "2022-08-12T13:23:37.239Z",
      "user": 1,
      "content_type": 15,
      "object_id": "43",
      "object_repr": "43",
      "action_flag": 1,
      "change_message": "[{\"added\": {}}]"
    }
  },
  {
    "model": "admin.logentry",
    "pk": 303,
    "fields": {
      "action_time": "2022-08-12T13:23:49.374Z",
      "user": 1,
      "content_type": 15,
      "object_id": "44",
      "object_repr": "44",
      "action_flag": 1,
      "change_message": "[{\"added\": {}}]"
    }
  },
  {
    "model": "admin.logentry",
    "pk": 304,
    "fields": {
      "action_time": "2022-08-12T13:23:59.859Z",
      "user": 1,
      "content_type": 15,
      "object_id": "45",
      "object_repr": "45",
      "action_flag": 1,
      "change_message": "[{\"added\": {}}]"
    }
  },
  {
    "model": "admin.logentry",
    "pk": 305,
    "fields": {
      "action_time": "2022-08-12T13:24:28.783Z",
      "user": 1,
      "content_type": 11,
      "object_id": "43",
      "object_repr": "43",
      "action_flag": 1,
      "change_message": "[{\"added\": {}}]"
    }
  },
  {
    "model": "admin.logentry",
    "pk": 306,
    "fields": {
      "action_time": "2022-08-12T13:24:30.667Z",
      "user": 1,
      "content_type": 14,
      "object_id": "43",
      "object_repr": "VariantMedia object (43)",
      "action_flag": 1,
      "change_message": "[{\"added\": {}}]"
    }
  },
  {
    "model": "admin.logentry",
    "pk": 307,
    "fields": {
      "action_time": "2022-08-12T13:24:42.963Z",
      "user": 1,
      "content_type": 11,
      "object_id": "44",
      "object_repr": "44",
      "action_flag": 1,
      "change_message": "[{\"added\": {}}]"
    }
  },
  {
    "model": "admin.logentry",
    "pk": 308,
    "fields": {
      "action_time": "2022-08-12T13:24:44.064Z",
      "user": 1,
      "content_type": 14,
      "object_id": "44",
      "object_repr": "VariantMedia object (44)",
      "action_flag": 1,
      "change_message": "[{\"added\": {}}]"
    }
  },
  {
    "model": "admin.logentry",
    "pk": 309,
    "fields": {
      "action_time": "2022-08-12T13:24:56.528Z",
      "user": 1,
      "content_type": 11,
      "object_id": "45",
      "object_repr": "45",
      "action_flag": 1,
      "change_message": "[{\"added\": {}}]"
    }
  },
  {
    "model": "admin.logentry",
    "pk": 310,
    "fields": {
      "action_time": "2022-08-12T13:24:58.006Z",
      "user": 1,
      "content_type": 14,
      "object_id": "45",
      "object_repr": "VariantMedia object (45)",
      "action_flag": 1,
      "change_message": "[{\"added\": {}}]"
    }
  },
  {
    "model": "admin.logentry",
    "pk": 311,
    "fields": {
      "action_time": "2022-08-12T13:35:36.591Z",
      "user": 1,
      "content_type": 13,
      "object_id": "45",
      "object_repr": "computer-base",
      "action_flag": 2,
      "change_message": "[{\"changed\": {\"fields\": [\"Weight\"]}}]"
    }
  },
  {
    "model": "admin.logentry",
    "pk": 312,
    "fields": {
      "action_time": "2022-08-13T09:18:05.182Z",
      "user": 1,
      "content_type": 16,
      "object_id": "35",
      "object_repr": "Like object (35)",
      "action_flag": 1,
      "change_message": "[{\"added\": {}}]"
    }
  },
  {
    "model": "admin.logentry",
    "pk": 313,
    "fields": {
      "action_time": "2022-09-03T09:27:31.574Z",
      "user": 1,
      "content_type": 8,
      "object_id": "2",
      "object_repr": "russian-federation",
      "action_flag": 1,
      "change_message": "[{\"added\": {}}]"
    }
  },
  {
    "model": "admin.logentry",
    "pk": 314,
    "fields": {
      "action_time": "2022-09-05T06:55:17.732Z",
      "user": 1,
      "content_type": 8,
      "object_id": "1",
      "object_repr": "germany",
      "action_flag": 2,
      "change_message": "[{\"changed\": {\"fields\": [\"Is active\"]}}]"
    }
  },
  {
    "model": "admin.logentry",
    "pk": 315,
    "fields": {
      "action_time": "2022-09-05T13:27:52.184Z",
      "user": 1,
      "content_type": 15,
      "object_id": "1",
      "object_repr": "1",
      "action_flag": 2,
      "change_message": "[{\"changed\": {\"fields\": [\"Channel\"]}}]"
    }
  },
  {
    "model": "admin.logentry",
    "pk": 316,
    "fields": {
      "action_time": "2022-09-05T14:24:25.538Z",
      "user": 1,
      "content_type": 15,
      "object_id": "1",
      "object_repr": "1",
      "action_flag": 2,
      "change_message": "[{\"changed\": {\"fields\": [\"Channel\"]}}]"
    }
  },
  {
    "model": "admin.logentry",
    "pk": 317,
    "fields": {
      "action_time": "2022-09-06T16:38:34.522Z",
      "user": 1,
      "content_type": 8,
      "object_id": "3",
      "object_repr": "england",
      "action_flag": 1,
      "change_message": "[{\"added\": {}}]"
    }
  },
  {
    "model": "admin.logentry",
    "pk": 318,
    "fields": {
      "action_time": "2022-09-06T16:38:53.570Z",
      "user": 1,
      "content_type": 8,
      "object_id": "4",
      "object_repr": "ukraine",
      "action_flag": 1,
      "change_message": "[{\"added\": {}}]"
    }
  },
  {
    "model": "admin.logentry",
    "pk": 319,
    "fields": {
      "action_time": "2022-09-06T16:39:31.599Z",
      "user": 1,
      "content_type": 8,
      "object_id": "5",
      "object_repr": "china",
      "action_flag": 1,
      "change_message": "[{\"added\": {}}]"
    }
  },
  {
    "model": "admin.logentry",
    "pk": 320,
    "fields": {
      "action_time": "2022-09-07T08:41:39.453Z",
      "user": 1,
      "content_type": 8,
      "object_id": "1",
      "object_repr": "germany",
      "action_flag": 2,
      "change_message": "[]"
    }
  },
  {
    "model": "admin.logentry",
    "pk": 321,
    "fields": {
      "action_time": "2022-09-17T08:54:38.154Z",
      "user": 1,
      "content_type": 8,
      "object_id": "6",
      "object_repr": "great-britain",
      "action_flag": 1,
      "change_message": "[{\"added\": {}}]"
    }
  },
  {
    "model": "admin.logentry",
    "pk": 322,
    "fields": {
      "action_time": "2022-09-26T09:22:53.991Z",
      "user": 1,
      "content_type": 8,
      "object_id": "3",
      "object_repr": "england",
      "action_flag": 3,
      "change_message": ""
    }
  },
  {
    "model": "admin.logentry",
    "pk": 323,
    "fields": {
      "action_time": "2022-09-26T14:35:57.242Z",
      "user": 1,
      "content_type": 8,
      "object_id": "7",
      "object_repr": "france",
      "action_flag": 1,
      "change_message": "[{\"added\": {}}]"
    }
  },
  {
    "model": "admin.logentry",
    "pk": 324,
    "fields": {
      "action_time": "2022-09-26T15:13:10.458Z",
      "user": 1,
      "content_type": 8,
      "object_id": "6",
      "object_repr": "united-kingdom",
      "action_flag": 2,
      "change_message": "[{\"changed\": {\"fields\": [\"Name\", \"Slug\"]}}]"
    }
  },
  {
    "model": "admin.logentry",
    "pk": 325,
    "fields": {
      "action_time": "2022-09-26T18:39:58.551Z",
      "user": 1,
      "content_type": 8,
      "object_id": "8",
      "object_repr": "spain",
      "action_flag": 1,
      "change_message": "[{\"added\": {}}]"
    }
  },
  {
    "model": "admin.logentry",
    "pk": 326,
    "fields": {
      "action_time": "2022-09-26T19:18:35.247Z",
      "user": 1,
      "content_type": 15,
      "object_id": "1",
      "object_repr": "1",
      "action_flag": 2,
      "change_message": "[{\"changed\": {\"fields\": [\"Price\"]}}]"
    }
  },
  {
    "model": "admin.logentry",
    "pk": 327,
    "fields": {
      "action_time": "2022-09-26T19:20:27.134Z",
      "user": 1,
      "content_type": 15,
      "object_id": "1",
      "object_repr": "1",
      "action_flag": 2,
      "change_message": "[{\"changed\": {\"fields\": [\"Price\", \"Cost price\"]}}]"
    }
  },
  {
    "model": "admin.logentry",
    "pk": 328,
    "fields": {
      "action_time": "2022-09-26T19:21:09.561Z",
      "user": 1,
      "content_type": 15,
      "object_id": "1",
      "object_repr": "1",
      "action_flag": 2,
      "change_message": "[{\"changed\": {\"fields\": [\"Price\", \"Cost price\"]}}]"
    }
  },
  {
    "model": "admin.logentry",
    "pk": 329,
    "fields": {
      "action_time": "2022-09-26T19:21:21.293Z",
      "user": 1,
      "content_type": 15,
      "object_id": "1",
      "object_repr": "1",
      "action_flag": 2,
      "change_message": "[{\"changed\": {\"fields\": [\"Available to purchase\"]}}]"
    }
  },
  {
    "model": "admin.logentry",
    "pk": 330,
    "fields": {
      "action_time": "2022-09-26T19:21:33.440Z",
      "user": 1,
      "content_type": 15,
      "object_id": "1",
      "object_repr": "1",
      "action_flag": 2,
      "change_message": "[{\"changed\": {\"fields\": [\"Available to purchase\"]}}]"
    }
  },
  {
    "model": "admin.logentry",
    "pk": 331,
    "fields": {
      "action_time": "2022-09-26T19:23:31.331Z",
      "user": 1,
      "content_type": 15,
      "object_id": "1",
      "object_repr": "1",
      "action_flag": 2,
      "change_message": "[]"
    }
  },
  {
    "model": "admin.logentry",
    "pk": 332,
    "fields": {
      "action_time": "2022-09-26T19:23:57.062Z",
      "user": 1,
      "content_type": 15,
      "object_id": "1",
      "object_repr": "1",
      "action_flag": 2,
      "change_message": "[{\"changed\": {\"fields\": [\"Price\", \"Cost price\"]}}]"
    }
  },
  {
    "model": "admin.logentry",
    "pk": 333,
    "fields": {
      "action_time": "2022-09-26T19:25:04.579Z",
      "user": 1,
      "content_type": 15,
      "object_id": "1",
      "object_repr": "1",
      "action_flag": 2,
      "change_message": "[]"
    }
  },
  {
    "model": "admin.logentry",
    "pk": 334,
    "fields": {
      "action_time": "2022-09-26T19:28:51.825Z",
      "user": 1,
      "content_type": 15,
      "object_id": "1",
      "object_repr": "1",
      "action_flag": 2,
      "change_message": "[]"
    }
  },
  {
    "model": "admin.logentry",
    "pk": 335,
    "fields": {
      "action_time": "2022-09-30T09:36:20.170Z",
      "user": 1,
      "content_type": 8,
      "object_id": "9",
      "object_repr": "spain",
      "action_flag": 1,
      "change_message": "[{\"added\": {}}]"
    }
  },
  {
    "model": "admin.logentry",
    "pk": 336,
    "fields": {
      "action_time": "2022-09-30T09:39:12.751Z",
      "user": 1,
      "content_type": 8,
      "object_id": "9",
      "object_repr": "spain",
      "action_flag": 3,
      "change_message": ""
    }
  },
  {
    "model": "admin.logentry",
    "pk": 337,
    "fields": {
      "action_time": "2022-09-30T09:48:25.355Z",
      "user": 1,
      "content_type": 8,
      "object_id": "1",
      "object_repr": "germany",
      "action_flag": 2,
      "change_message": "[{\"changed\": {\"fields\": [\"Currency code\"]}}]"
    }
  },
  {
    "model": "admin.logentry",
    "pk": 338,
    "fields": {
      "action_time": "2022-09-30T09:48:47.555Z",
      "user": 1,
      "content_type": 8,
      "object_id": "1",
      "object_repr": "germany",
      "action_flag": 2,
      "change_message": "[]"
    }
  },
  {
    "model": "admin.logentry",
    "pk": 339,
    "fields": {
      "action_time": "2022-09-30T09:49:16.570Z",
      "user": 1,
      "content_type": 8,
      "object_id": "1",
      "object_repr": "germany",
      "action_flag": 2,
      "change_message": "[{\"changed\": {\"fields\": [\"Currency code\"]}}]"
    }
  },
  {
    "model": "admin.logentry",
    "pk": 340,
    "fields": {
      "action_time": "2022-09-30T09:49:49.839Z",
      "user": 1,
      "content_type": 8,
      "object_id": "1",
      "object_repr": "germany",
      "action_flag": 2,
      "change_message": "[{\"changed\": {\"fields\": [\"Currency code\"]}}]"
    }
  },
  {
    "model": "admin.logentry",
    "pk": 341,
    "fields": {
      "action_time": "2022-09-30T09:52:05.198Z",
      "user": 1,
      "content_type": 8,
      "object_id": "1",
      "object_repr": "germany",
      "action_flag": 2,
      "change_message": "[{\"changed\": {\"fields\": [\"Currency code\"]}}]"
    }
  },
  {
    "model": "admin.logentry",
    "pk": 342,
    "fields": {
      "action_time": "2022-09-30T09:55:53.289Z",
      "user": 1,
      "content_type": 8,
      "object_id": "1",
      "object_repr": "germany",
      "action_flag": 2,
      "change_message": "[]"
    }
  },
  {
    "model": "admin.logentry",
    "pk": 343,
    "fields": {
      "action_time": "2022-09-30T09:56:29.520Z",
      "user": 1,
      "content_type": 8,
      "object_id": "1",
      "object_repr": "germany",
      "action_flag": 2,
      "change_message": "[]"
    }
  },
  {
    "model": "admin.logentry",
    "pk": 344,
    "fields": {
      "action_time": "2022-09-30T09:56:39.855Z",
      "user": 1,
      "content_type": 8,
      "object_id": "1",
      "object_repr": "germany",
      "action_flag": 2,
      "change_message": "[]"
    }
  },
  {
    "model": "admin.logentry",
    "pk": 345,
    "fields": {
      "action_time": "2022-09-30T09:58:22.851Z",
      "user": 1,
      "content_type": 8,
      "object_id": "1",
      "object_repr": "germany",
      "action_flag": 2,
      "change_message": "[]"
    }
  },
  {
    "model": "admin.logentry",
    "pk": 346,
    "fields": {
      "action_time": "2022-09-30T10:00:10.759Z",
      "user": 1,
      "content_type": 8,
      "object_id": "1",
      "object_repr": "germany",
      "action_flag": 2,
      "change_message": "[{\"changed\": {\"fields\": [\"Currency code\"]}}]"
    }
  },
  {
    "model": "admin.logentry",
    "pk": 347,
    "fields": {
      "action_time": "2022-09-30T10:00:14.635Z",
      "user": 1,
      "content_type": 8,
      "object_id": "1",
      "object_repr": "germany",
      "action_flag": 2,
      "change_message": "[{\"changed\": {\"fields\": [\"Currency code\"]}}]"
    }
  },
  {
    "model": "admin.logentry",
    "pk": 348,
    "fields": {
      "action_time": "2022-09-30T10:00:17.407Z",
      "user": 1,
      "content_type": 8,
      "object_id": "1",
      "object_repr": "germany",
      "action_flag": 2,
      "change_message": "[{\"changed\": {\"fields\": [\"Currency code\"]}}]"
    }
  },
  {
    "model": "admin.logentry",
    "pk": 349,
    "fields": {
      "action_time": "2022-09-30T10:09:54.174Z",
      "user": 1,
      "content_type": 8,
      "object_id": "1",
      "object_repr": "germany",
      "action_flag": 2,
      "change_message": "[]"
    }
  },
  {
    "model": "admin.logentry",
    "pk": 350,
    "fields": {
      "action_time": "2022-09-30T10:10:02.362Z",
      "user": 1,
      "content_type": 8,
      "object_id": "1",
      "object_repr": "germany",
      "action_flag": 2,
      "change_message": "[{\"changed\": {\"fields\": [\"Currency code\"]}}]"
    }
  },
  {
    "model": "admin.logentry",
    "pk": 351,
    "fields": {
      "action_time": "2022-09-30T10:10:31.176Z",
      "user": 1,
      "content_type": 8,
      "object_id": "1",
      "object_repr": "germany",
      "action_flag": 2,
      "change_message": "[{\"changed\": {\"fields\": [\"Currency code\"]}}]"
    }
  },
  {
    "model": "admin.logentry",
    "pk": 352,
    "fields": {
      "action_time": "2022-09-30T10:11:36.395Z",
      "user": 1,
      "content_type": 8,
      "object_id": "2",
      "object_repr": "russian-federation",
      "action_flag": 2,
      "change_message": "[{\"changed\": {\"fields\": [\"Currency code\"]}}]"
    }
  },
  {
    "model": "admin.logentry",
    "pk": 353,
    "fields": {
      "action_time": "2022-09-30T10:11:47.894Z",
      "user": 1,
      "content_type": 8,
      "object_id": "2",
      "object_repr": "russian-federation",
      "action_flag": 2,
      "change_message": "[{\"changed\": {\"fields\": [\"Currency code\"]}}]"
    }
  },
  {
    "model": "admin.logentry",
    "pk": 354,
    "fields": {
      "action_time": "2022-09-30T10:12:44.661Z",
      "user": 1,
      "content_type": 8,
      "object_id": "4",
      "object_repr": "ukraine",
      "action_flag": 2,
      "change_message": "[{\"changed\": {\"fields\": [\"Currency code\"]}}]"
    }
  },
  {
    "model": "admin.logentry",
    "pk": 355,
    "fields": {
      "action_time": "2022-09-30T10:13:18.593Z",
      "user": 1,
      "content_type": 8,
      "object_id": "5",
      "object_repr": "china",
      "action_flag": 2,
      "change_message": "[{\"changed\": {\"fields\": [\"Currency code\"]}}]"
    }
  },
  {
    "model": "admin.logentry",
    "pk": 356,
    "fields": {
      "action_time": "2022-09-30T10:13:58.048Z",
      "user": 1,
      "content_type": 8,
      "object_id": "6",
      "object_repr": "united-kingdom",
      "action_flag": 2,
      "change_message": "[{\"changed\": {\"fields\": [\"Currency code\"]}}]"
    }
  },
  {
    "model": "admin.logentry",
    "pk": 357,
    "fields": {
      "action_time": "2022-09-30T10:14:21.707Z",
      "user": 1,
      "content_type": 8,
      "object_id": "7",
      "object_repr": "france",
      "action_flag": 2,
      "change_message": "[{\"changed\": {\"fields\": [\"Currency code\"]}}]"
    }
  },
  {
    "model": "admin.logentry",
    "pk": 358,
    "fields": {
      "action_time": "2022-09-30T10:14:26.423Z",
      "user": 1,
      "content_type": 8,
      "object_id": "8",
      "object_repr": "spain",
      "action_flag": 2,
      "change_message": "[{\"changed\": {\"fields\": [\"Currency code\"]}}]"
    }
  },
  {
    "model": "admin.logentry",
    "pk": 359,
    "fields": {
      "action_time": "2022-09-30T10:34:32.853Z",
      "user": 1,
      "content_type": 8,
      "object_id": "1",
      "object_repr": "germany",
      "action_flag": 2,
      "change_message": "[{\"changed\": {\"fields\": [\"Currency code\"]}}]"
    }
  },
  {
    "model": "admin.logentry",
    "pk": 360,
    "fields": {
      "action_time": "2022-09-30T10:35:35.718Z",
      "user": 1,
      "content_type": 8,
      "object_id": "2",
      "object_repr": "russian-federation",
      "action_flag": 2,
      "change_message": "[{\"changed\": {\"fields\": [\"Currency code\"]}}]"
    }
  },
  {
    "model": "admin.logentry",
    "pk": 361,
    "fields": {
      "action_time": "2022-09-30T10:38:01.693Z",
      "user": 1,
      "content_type": 8,
      "object_id": "2",
      "object_repr": "russian-federation",
      "action_flag": 2,
      "change_message": "[]"
    }
  },
  {
    "model": "admin.logentry",
    "pk": 362,
    "fields": {
      "action_time": "2022-09-30T10:38:08.773Z",
      "user": 1,
      "content_type": 8,
      "object_id": "4",
      "object_repr": "ukraine",
      "action_flag": 2,
      "change_message": "[{\"changed\": {\"fields\": [\"Currency code\"]}}]"
    }
  },
  {
    "model": "admin.logentry",
    "pk": 363,
    "fields": {
      "action_time": "2022-09-30T10:38:16.306Z",
      "user": 1,
      "content_type": 8,
      "object_id": "5",
      "object_repr": "china",
      "action_flag": 2,
      "change_message": "[{\"changed\": {\"fields\": [\"Currency code\"]}}]"
    }
  },
  {
    "model": "admin.logentry",
    "pk": 364,
    "fields": {
      "action_time": "2022-09-30T10:38:21.810Z",
      "user": 1,
      "content_type": 8,
      "object_id": "6",
      "object_repr": "united-kingdom",
      "action_flag": 2,
      "change_message": "[{\"changed\": {\"fields\": [\"Currency code\"]}}]"
    }
  },
  {
    "model": "admin.logentry",
    "pk": 365,
    "fields": {
      "action_time": "2022-09-30T10:38:29.031Z",
      "user": 1,
      "content_type": 8,
      "object_id": "7",
      "object_repr": "france",
      "action_flag": 2,
      "change_message": "[{\"changed\": {\"fields\": [\"Currency code\"]}}]"
    }
  },
  {
    "model": "admin.logentry",
    "pk": 366,
    "fields": {
      "action_time": "2022-09-30T10:38:34.825Z",
      "user": 1,
      "content_type": 8,
      "object_id": "8",
      "object_repr": "spain",
      "action_flag": 2,
      "change_message": "[{\"changed\": {\"fields\": [\"Currency code\"]}}]"
    }
  },
  {
    "model": "auth.permission",
    "pk": 1,
    "fields": {
      "name": "Can add log entry",
      "content_type": 1,
      "codename": "add_logentry"
    }
  },
  {
    "model": "auth.permission",
    "pk": 2,
    "fields": {
      "name": "Can change log entry",
      "content_type": 1,
      "codename": "change_logentry"
    }
  },
  {
    "model": "auth.permission",
    "pk": 3,
    "fields": {
      "name": "Can delete log entry",
      "content_type": 1,
      "codename": "delete_logentry"
    }
  },
  {
    "model": "auth.permission",
    "pk": 4,
    "fields": {
      "name": "Can view log entry",
      "content_type": 1,
      "codename": "view_logentry"
    }
  },
  {
    "model": "auth.permission",
    "pk": 5,
    "fields": {
      "name": "Can add permission",
      "content_type": 2,
      "codename": "add_permission"
    }
  },
  {
    "model": "auth.permission",
    "pk": 6,
    "fields": {
      "name": "Can change permission",
      "content_type": 2,
      "codename": "change_permission"
    }
  },
  {
    "model": "auth.permission",
    "pk": 7,
    "fields": {
      "name": "Can delete permission",
      "content_type": 2,
      "codename": "delete_permission"
    }
  },
  {
    "model": "auth.permission",
    "pk": 8,
    "fields": {
      "name": "Can view permission",
      "content_type": 2,
      "codename": "view_permission"
    }
  },
  {
    "model": "auth.permission",
    "pk": 9,
    "fields": {
      "name": "Can add group",
      "content_type": 3,
      "codename": "add_group"
    }
  },
  {
    "model": "auth.permission",
    "pk": 10,
    "fields": {
      "name": "Can change group",
      "content_type": 3,
      "codename": "change_group"
    }
  },
  {
    "model": "auth.permission",
    "pk": 11,
    "fields": {
      "name": "Can delete group",
      "content_type": 3,
      "codename": "delete_group"
    }
  },
  {
    "model": "auth.permission",
    "pk": 12,
    "fields": {
      "name": "Can view group",
      "content_type": 3,
      "codename": "view_group"
    }
  },
  {
    "model": "auth.permission",
    "pk": 13,
    "fields": {
      "name": "Can add content type",
      "content_type": 4,
      "codename": "add_contenttype"
    }
  },
  {
    "model": "auth.permission",
    "pk": 14,
    "fields": {
      "name": "Can change content type",
      "content_type": 4,
      "codename": "change_contenttype"
    }
  },
  {
    "model": "auth.permission",
    "pk": 15,
    "fields": {
      "name": "Can delete content type",
      "content_type": 4,
      "codename": "delete_contenttype"
    }
  },
  {
    "model": "auth.permission",
    "pk": 16,
    "fields": {
      "name": "Can view content type",
      "content_type": 4,
      "codename": "view_contenttype"
    }
  },
  {
    "model": "auth.permission",
    "pk": 17,
    "fields": {
      "name": "Can add session",
      "content_type": 5,
      "codename": "add_session"
    }
  },
  {
    "model": "auth.permission",
    "pk": 18,
    "fields": {
      "name": "Can change session",
      "content_type": 5,
      "codename": "change_session"
    }
  },
  {
    "model": "auth.permission",
    "pk": 19,
    "fields": {
      "name": "Can delete session",
      "content_type": 5,
      "codename": "delete_session"
    }
  },
  {
    "model": "auth.permission",
    "pk": 20,
    "fields": {
      "name": "Can view session",
      "content_type": 5,
      "codename": "view_session"
    }
  },
  {
    "model": "auth.permission",
    "pk": 21,
    "fields": {
      "name": "Can add access attempt",
      "content_type": 6,
      "codename": "add_accessattempt"
    }
  },
  {
    "model": "auth.permission",
    "pk": 22,
    "fields": {
      "name": "Can change access attempt",
      "content_type": 6,
      "codename": "change_accessattempt"
    }
  },
  {
    "model": "auth.permission",
    "pk": 23,
    "fields": {
      "name": "Can delete access attempt",
      "content_type": 6,
      "codename": "delete_accessattempt"
    }
  },
  {
    "model": "auth.permission",
    "pk": 24,
    "fields": {
      "name": "Can view access attempt",
      "content_type": 6,
      "codename": "view_accessattempt"
    }
  },
  {
    "model": "auth.permission",
    "pk": 25,
    "fields": {
      "name": "Can add User",
      "content_type": 7,
      "codename": "add_user"
    }
  },
  {
    "model": "auth.permission",
    "pk": 26,
    "fields": {
      "name": "Can change User",
      "content_type": 7,
      "codename": "change_user"
    }
  },
  {
    "model": "auth.permission",
    "pk": 27,
    "fields": {
      "name": "Can delete User",
      "content_type": 7,
      "codename": "delete_user"
    }
  },
  {
    "model": "auth.permission",
    "pk": 28,
    "fields": {
      "name": "Can view User",
      "content_type": 7,
      "codename": "view_user"
    }
  },
  {
    "model": "auth.permission",
    "pk": 29,
    "fields": {
      "name": "Can add Channel",
      "content_type": 8,
      "codename": "add_channel"
    }
  },
  {
    "model": "auth.permission",
    "pk": 30,
    "fields": {
      "name": "Can change Channel",
      "content_type": 8,
      "codename": "change_channel"
    }
  },
  {
    "model": "auth.permission",
    "pk": 31,
    "fields": {
      "name": "Can delete Channel",
      "content_type": 8,
      "codename": "delete_channel"
    }
  },
  {
    "model": "auth.permission",
    "pk": 32,
    "fields": {
      "name": "Can view Channel",
      "content_type": 8,
      "codename": "view_channel"
    }
  },
  {
    "model": "auth.permission",
    "pk": 33,
    "fields": {
      "name": "Can add Category",
      "content_type": 9,
      "codename": "add_category"
    }
  },
  {
    "model": "auth.permission",
    "pk": 34,
    "fields": {
      "name": "Can change Category",
      "content_type": 9,
      "codename": "change_category"
    }
  },
  {
    "model": "auth.permission",
    "pk": 35,
    "fields": {
      "name": "Can delete Category",
      "content_type": 9,
      "codename": "delete_category"
    }
  },
  {
    "model": "auth.permission",
    "pk": 36,
    "fields": {
      "name": "Can view Category",
      "content_type": 9,
      "codename": "view_category"
    }
  },
  {
    "model": "auth.permission",
    "pk": 37,
    "fields": {
      "name": "Can add Product",
      "content_type": 10,
      "codename": "add_product"
    }
  },
  {
    "model": "auth.permission",
    "pk": 38,
    "fields": {
      "name": "Can change Product",
      "content_type": 10,
      "codename": "change_product"
    }
  },
  {
    "model": "auth.permission",
    "pk": 39,
    "fields": {
      "name": "Can delete Product",
      "content_type": 10,
      "codename": "delete_product"
    }
  },
  {
    "model": "auth.permission",
    "pk": 40,
    "fields": {
      "name": "Can view Product",
      "content_type": 10,
      "codename": "view_product"
    }
  },
  {
    "model": "auth.permission",
    "pk": 41,
    "fields": {
      "name": "Can add ProductMedia",
      "content_type": 11,
      "codename": "add_productmedia"
    }
  },
  {
    "model": "auth.permission",
    "pk": 42,
    "fields": {
      "name": "Can change ProductMedia",
      "content_type": 11,
      "codename": "change_productmedia"
    }
  },
  {
    "model": "auth.permission",
    "pk": 43,
    "fields": {
      "name": "Can delete ProductMedia",
      "content_type": 11,
      "codename": "delete_productmedia"
    }
  },
  {
    "model": "auth.permission",
    "pk": 44,
    "fields": {
      "name": "Can view ProductMedia",
      "content_type": 11,
      "codename": "view_productmedia"
    }
  },
  {
    "model": "auth.permission",
    "pk": 45,
    "fields": {
      "name": "Can add ProductType",
      "content_type": 12,
      "codename": "add_producttype"
    }
  },
  {
    "model": "auth.permission",
    "pk": 46,
    "fields": {
      "name": "Can change ProductType",
      "content_type": 12,
      "codename": "change_producttype"
    }
  },
  {
    "model": "auth.permission",
    "pk": 47,
    "fields": {
      "name": "Can delete ProductType",
      "content_type": 12,
      "codename": "delete_producttype"
    }
  },
  {
    "model": "auth.permission",
    "pk": 48,
    "fields": {
      "name": "Can view ProductType",
      "content_type": 12,
      "codename": "view_producttype"
    }
  },
  {
    "model": "auth.permission",
    "pk": 49,
    "fields": {
      "name": "Can add ProductVariant",
      "content_type": 13,
      "codename": "add_productvariant"
    }
  },
  {
    "model": "auth.permission",
    "pk": 50,
    "fields": {
      "name": "Can change ProductVariant",
      "content_type": 13,
      "codename": "change_productvariant"
    }
  },
  {
    "model": "auth.permission",
    "pk": 51,
    "fields": {
      "name": "Can delete ProductVariant",
      "content_type": 13,
      "codename": "delete_productvariant"
    }
  },
  {
    "model": "auth.permission",
    "pk": 52,
    "fields": {
      "name": "Can view ProductVariant",
      "content_type": 13,
      "codename": "view_productvariant"
    }
  },
  {
    "model": "auth.permission",
    "pk": 53,
    "fields": {
      "name": "Can add variant media",
      "content_type": 14,
      "codename": "add_variantmedia"
    }
  },
  {
    "model": "auth.permission",
    "pk": 54,
    "fields": {
      "name": "Can change variant media",
      "content_type": 14,
      "codename": "change_variantmedia"
    }
  },
  {
    "model": "auth.permission",
    "pk": 55,
    "fields": {
      "name": "Can delete variant media",
      "content_type": 14,
      "codename": "delete_variantmedia"
    }
  },
  {
    "model": "auth.permission",
    "pk": 56,
    "fields": {
      "name": "Can view variant media",
      "content_type": 14,
      "codename": "view_variantmedia"
    }
  },
  {
    "model": "auth.permission",
    "pk": 57,
    "fields": {
      "name": "Can add ProductVariantChannelListing",
      "content_type": 15,
      "codename": "add_productvariantchannellisting"
    }
  },
  {
    "model": "auth.permission",
    "pk": 58,
    "fields": {
      "name": "Can change ProductVariantChannelListing",
      "content_type": 15,
      "codename": "change_productvariantchannellisting"
    }
  },
  {
    "model": "auth.permission",
    "pk": 59,
    "fields": {
      "name": "Can delete ProductVariantChannelListing",
      "content_type": 15,
      "codename": "delete_productvariantchannellisting"
    }
  },
  {
    "model": "auth.permission",
    "pk": 60,
    "fields": {
      "name": "Can view ProductVariantChannelListing",
      "content_type": 15,
      "codename": "view_productvariantchannellisting"
    }
  },
  {
    "model": "auth.permission",
    "pk": 61,
    "fields": {
      "name": "Can add like",
      "content_type": 16,
      "codename": "add_like"
    }
  },
  {
    "model": "auth.permission",
    "pk": 62,
    "fields": {
      "name": "Can change like",
      "content_type": 16,
      "codename": "change_like"
    }
  },
  {
    "model": "auth.permission",
    "pk": 63,
    "fields": {
      "name": "Can delete like",
      "content_type": 16,
      "codename": "delete_like"
    }
  },
  {
    "model": "auth.permission",
    "pk": 64,
    "fields": {
      "name": "Can view like",
      "content_type": 16,
      "codename": "view_like"
    }
  },
  {
    "model": "contenttypes.contenttype",
    "pk": 1,
    "fields": {
      "app_label": "admin",
      "model": "logentry"
    }
  },
  {
    "model": "contenttypes.contenttype",
    "pk": 2,
    "fields": {
      "app_label": "auth",
      "model": "permission"
    }
  },
  {
    "model": "contenttypes.contenttype",
    "pk": 3,
    "fields": {
      "app_label": "auth",
      "model": "group"
    }
  },
  {
    "model": "contenttypes.contenttype",
    "pk": 4,
    "fields": {
      "app_label": "contenttypes",
      "model": "contenttype"
    }
  },
  {
    "model": "contenttypes.contenttype",
    "pk": 5,
    "fields": {
      "app_label": "sessions",
      "model": "session"
    }
  },
  {
    "model": "contenttypes.contenttype",
    "pk": 6,
    "fields": {
      "app_label": "defender",
      "model": "accessattempt"
    }
  },
  {
    "model": "contenttypes.contenttype",
    "pk": 7,
    "fields": {
      "app_label": "main",
      "model": "user"
    }
  },
  {
    "model": "contenttypes.contenttype",
    "pk": 8,
    "fields": {
      "app_label": "channel",
      "model": "channel"
    }
  },
  {
    "model": "contenttypes.contenttype",
    "pk": 9,
    "fields": {
      "app_label": "product",
      "model": "category"
    }
  },
  {
    "model": "contenttypes.contenttype",
    "pk": 10,
    "fields": {
      "app_label": "product",
      "model": "product"
    }
  },
  {
    "model": "contenttypes.contenttype",
    "pk": 11,
    "fields": {
      "app_label": "product",
      "model": "productmedia"
    }
  },
  {
    "model": "contenttypes.contenttype",
    "pk": 12,
    "fields": {
      "app_label": "product",
      "model": "producttype"
    }
  },
  {
    "model": "contenttypes.contenttype",
    "pk": 13,
    "fields": {
      "app_label": "product",
      "model": "productvariant"
    }
  },
  {
    "model": "contenttypes.contenttype",
    "pk": 14,
    "fields": {
      "app_label": "product",
      "model": "variantmedia"
    }
  },
  {
    "model": "contenttypes.contenttype",
    "pk": 15,
    "fields": {
      "app_label": "product",
      "model": "productvariantchannellisting"
    }
  },
  {
    "model": "contenttypes.contenttype",
    "pk": 16,
    "fields": {
      "app_label": "actions",
      "model": "like"
    }
  },
  {
    "model": "sessions.session",
    "pk": "05cghbkw0mpnr38brilhh83pg0otqwj5",
    "fields": {
      "session_data": ".eJxVjEEOgjAQRe_StWmYUkpx6d4zNDOdGYsaSCisjHdXEha6_e-9_zIJt7WkrcqSRjZnA-b0uxHmh0w74DtOt9nmeVqXkeyu2INWe51ZnpfD_TsoWMu39uCIRHPoFINIp0AcG2ipGwbVwBrJsY-KBJkcuiiu8dIyhL53bezN-wMTpjiT:1oWH28:DhZmLEjV-hj_QAToGnDTn7bpeFjxK2RCVqQt7_DtR-E",
      "expire_date": "2022-09-22T12:53:28.691Z"
    }
  },
  {
    "model": "sessions.session",
    "pk": "1m6ljtz3oxwantol026f4stso4ygkvrl",
    "fields": {
      "session_data": ".eJxVjEEOgjAQRe_StWmYUkpx6d4zNDOdGYsaSCisjHdXEha6_e-9_zIJt7WkrcqSRjZnA-b0uxHmh0w74DtOt9nmeVqXkeyu2INWe51ZnpfD_TsoWMu39uCIRHPoFINIp0AcG2ipGwbVwBrJsY-KBJkcuiiu8dIyhL53bezN-wMTpjiT:1oeCTQ:N_u329xyG4mi760Mkg2MHmu7Mpf7Si2K_ASmCvA9fZ4",
      "expire_date": "2022-10-14T09:38:24.345Z"
    }
  },
  {
    "model": "sessions.session",
    "pk": "2fvojpt8bji19lxo0rrre85s74hchlgr",
    "fields": {
      "session_data": ".eJxVjEEOgjAQRe_StWmYUkpx6d4zNDOdGYsaSCisjHdXEha6_e-9_zIJt7WkrcqSRjZnA-b0uxHmh0w74DtOt9nmeVqXkeyu2INWe51ZnpfD_TsoWMu39uCIRHPoFINIp0AcG2ipGwbVwBrJsY-KBJkcuiiu8dIyhL53bezN-wMTpjiT:1oeCoR:_YF5YCIguP3kmhQdyhWptHQOF3ftrz2y4Lxs30SL_RY",
      "expire_date": "2022-10-14T10:00:07.125Z"
    }
  },
  {
    "model": "sessions.session",
    "pk": "2qzu61zm40ckpvn94djw9a8d4s8u5omo",
    "fields": {
      "session_data": ".eJxVjEEOgjAQRe_StWmYUkpx6d4zNDOdGYsaSCisjHdXEha6_e-9_zIJt7WkrcqSRjZnA-b0uxHmh0w74DtOt9nmeVqXkeyu2INWe51ZnpfD_TsoWMu39uCIRHPoFINIp0AcG2ipGwbVwBrJsY-KBJkcuiiu8dIyhL53bezN-wMTpjiT:1oVXRL:k8L--uE1OVjknD5tAa-NM0x2CNKKna7Zeu7iKXFFKfM",
      "expire_date": "2022-09-20T12:12:27.856Z"
    }
  },
  {
    "model": "sessions.session",
    "pk": "3mxds2wk0igq09kdt2wmntzeb6rdbn5m",
    "fields": {
      "session_data": ".eJxVjEEOgjAQRe_StWmYUkpx6d4zNDOdGYsaSCisjHdXEha6_e-9_zIJt7WkrcqSRjZnA-b0uxHmh0w74DtOt9nmeVqXkeyu2INWe51ZnpfD_TsoWMu39uCIRHPoFINIp0AcG2ipGwbVwBrJsY-KBJkcuiiu8dIyhL53bezN-wMTpjiT:1oeCHT:KisIfVJHfIrR4CYhdvTlyRc6zIcK4cfYi8oFgIcsrP4",
      "expire_date": "2022-10-14T09:26:03.767Z"
    }
  },
  {
    "model": "sessions.session",
    "pk": "4w7odswbw3n8pxizr8z56gr5bzkh68ea",
    "fields": {
      "session_data": ".eJxVjEEOgjAQRe_StWmYUkpx6d4zNDOdGYsaSCisjHdXEha6_e-9_zIJt7WkrcqSRjZnA-b0uxHmh0w74DtOt9nmeVqXkeyu2INWe51ZnpfD_TsoWMu39uCIRHPoFINIp0AcG2ipGwbVwBrJsY-KBJkcuiiu8dIyhL53bezN-wMTpjiT:1oVFRZ:Nd25Sy8ipLW2O2Fc39aYRVEQIsHs_NS_E4lHbE8KlZs",
      "expire_date": "2022-09-19T16:59:29.991Z"
    }
  },
  {
    "model": "sessions.session",
    "pk": "6zweo04y0xto1ihfp8gk41dtesdvl3wz",
    "fields": {
      "session_data": ".eJxVjEEOgjAQRe_StWmYUkpx6d4zNDOdGYsaSCisjHdXEha6_e-9_zIJt7WkrcqSRjZnA-b0uxHmh0w74DtOt9nmeVqXkeyu2INWe51ZnpfD_TsoWMu39uCIRHPoFINIp0AcG2ipGwbVwBrJsY-KBJkcuiiu8dIyhL53bezN-wMTpjiT:1oVXKY:oeMnUN4pvYLDUWK_VIs_iHuwNBwSmVn1P694xe8pmuE",
      "expire_date": "2022-09-20T12:05:26.364Z"
    }
  },
  {
    "model": "sessions.session",
    "pk": "7xknpfu5yl84pqjrdugc1gqb52srdl6o",
    "fields": {
      "session_data": ".eJxVjEEOgjAQRe_StWmYUkpx6d4zNDOdGYsaSCisjHdXEha6_e-9_zIJt7WkrcqSRjZnA-b0uxHmh0w74DtOt9nmeVqXkeyu2INWe51ZnpfD_TsoWMu39uCIRHPoFINIp0AcG2ipGwbVwBrJsY-KBJkcuiiu8dIyhL53bezN-wMTpjiT:1oct16:OXNaR5msZH1kdLGvDMxDr0NzOvy3kKhcUj5cn7Yfki0",
      "expire_date": "2022-10-10T18:39:44.952Z"
    }
  },
  {
    "model": "sessions.session",
    "pk": "87v4ryzfmsnle5hnnu05ypvxbcol9547",
    "fields": {
      "session_data": ".eJxVjEEOgjAQRe_StWmYUkpx6d4zNDOdGYsaSCisjHdXEha6_e-9_zIJt7WkrcqSRjZnA-b0uxHmh0w74DtOt9nmeVqXkeyu2INWe51ZnpfD_TsoWMu39uCIRHPoFINIp0AcG2ipGwbVwBrJsY-KBJkcuiiu8dIyhL53bezN-wMTpjiT:1oVC7p:XkYePf0iY3UV1ZBkgV2DEV0-X7wmUly-4xlJOPmv43g",
      "expire_date": "2022-09-19T13:26:53.572Z"
    }
  },
  {
    "model": "sessions.session",
    "pk": "97g2v3hibbtql5j1tsky72wg8zws4pp9",
    "fields": {
      "session_data": ".eJxVjEEOgjAQRe_StWmYUkpx6d4zNDOdGYsaSCisjHdXEha6_e-9_zIJt7WkrcqSRjZnA-b0uxHmh0w74DtOt9nmeVqXkeyu2INWe51ZnpfD_TsoWMu39uCIRHPoFINIp0AcG2ipGwbVwBrJsY-KBJkcuiiu8dIyhL53bezN-wMTpjiT:1oZTaC:_v6V6u9MjBVBq7s9U3fVEF-h_D6ZTunifpJ4FZ2UZDs",
      "expire_date": "2022-10-01T08:53:52.372Z"
    }
  },
  {
    "model": "sessions.session",
    "pk": "9n7i4yse9yptnefavafgeeea3fgxptcw",
    "fields": {
      "session_data": ".eJxVjEEOgjAQRe_StWmYUkpx6d4zNDOdGYsaSCisjHdXEha6_e-9_zIJt7WkrcqSRjZnA-b0uxHmh0w74DtOt9nmeVqXkeyu2INWe51ZnpfD_TsoWMu39uCIRHPoFINIp0AcG2ipGwbVwBrJsY-KBJkcuiiu8dIyhL53bezN-wMTpjiT:1ocl31:bS2Z38OnWMAp-6wclwmQ4J3bT5HwqqF4JFjhjezrgho",
      "expire_date": "2022-10-10T10:09:11.828Z"
    }
  },
  {
    "model": "sessions.session",
    "pk": "9qepohu7kw8yl6cn9tbg0locagzyjkeq",
    "fields": {
      "session_data": ".eJxVjEEOgjAQRe_StWmYUkpx6d4zNDOdGYsaSCisjHdXEha6_e-9_zIJt7WkrcqSRjZnA-b0uxHmh0w74DtOt9nmeVqXkeyu2INWe51ZnpfD_TsoWMu39uCIRHPoFINIp0AcG2ipGwbVwBrJsY-KBJkcuiiu8dIyhL53bezN-wMTpjiT:1oVD1O:5N2Eo12QXLG23-j1pE2q-RoxJqasGGstI6EGrCrNGQg",
      "expire_date": "2022-09-19T14:24:18.026Z"
    }
  },
  {
    "model": "sessions.session",
    "pk": "a3qdldeswbw9p0qfo9yp5fw7cuur86uh",
    "fields": {
      "session_data": ".eJxVjEEOgjAQRe_StWmYUkpx6d4zNDOdGYsaSCisjHdXEha6_e-9_zIJt7WkrcqSRjZnA-b0uxHmh0w74DtOt9nmeVqXkeyu2INWe51ZnpfD_TsoWMu39uCIRHPoFINIp0AcG2ipGwbVwBrJsY-KBJkcuiiu8dIyhL53bezN-wMTpjiT:1ocpmm:gFuFFc-6AeJIqklv0d1BGo9327gc_V0XHm7fJL9f714",
      "expire_date": "2022-10-10T15:12:44.620Z"
    }
  },
  {
    "model": "sessions.session",
    "pk": "anrk9k09oi09s2262dy2agl0tlovempy",
    "fields": {
      "session_data": ".eJxVjEEOgjAQRe_StWmYUkpx6d4zNDOdGYsaSCisjHdXEha6_e-9_zIJt7WkrcqSRjZnA-b0uxHmh0w74DtOt9nmeVqXkeyu2INWe51ZnpfD_TsoWMu39uCIRHPoFINIp0AcG2ipGwbVwBrJsY-KBJkcuiiu8dIyhL53bezN-wMTpjiT:1oVsMn:n79FgYci7vFxL7n6mFqtLGyDuuiEyjJ_G1jXKSbv2e0",
      "expire_date": "2022-09-21T10:33:09.545Z"
    }
  },
  {
    "model": "sessions.session",
    "pk": "csi7vhhat5gzygiy84kkm46ujcg2v440",
    "fields": {
      "session_data": ".eJxVjEEOgjAQRe_StWmYUkpx6d4zNDOdGYsaSCisjHdXEha6_e-9_zIJt7WkrcqSRjZnA-b0uxHmh0w74DtOt9nmeVqXkeyu2INWe51ZnpfD_TsoWMu39uCIRHPoFINIp0AcG2ipGwbVwBrJsY-KBJkcuiiu8dIyhL53bezN-wMTpjiT:1ocUxm:cAOesTpEwiUUwkXt8lXFN4Tbw3G4Jfy23izTAV8v3MI",
      "expire_date": "2022-10-09T16:58:42.701Z"
    }
  },
  {
    "model": "sessions.session",
    "pk": "d031j2wsb3s79f99ta7qt5lqqoesaa1b",
    "fields": {
      "session_data": ".eJxVjEEOgjAQRe_StWmYUkpx6d4zNDOdGYsaSCisjHdXEha6_e-9_zIJt7WkrcqSRjZnA-b0uxHmh0w74DtOt9nmeVqXkeyu2INWe51ZnpfD_TsoWMu39uCIRHPoFINIp0AcG2ipGwbVwBrJsY-KBJkcuiiu8dIyhL53bezN-wMTpjiT:1oV5vm:zbUTyHpt7cEa4flgAWbIIfMnIb4qdWMLWTic6NySuuM",
      "expire_date": "2022-09-19T06:50:02.927Z"
    }
  },
  {
    "model": "sessions.session",
    "pk": "ecykkqhwrqo3hajwd0gp9qtv29em9yhg",
    "fields": {
      "session_data": ".eJxVjEEOgjAQRe_StWmYUkpx6d4zNDOdGYsaSCisjHdXEha6_e-9_zIJt7WkrcqSRjZnA-b0uxHmh0w74DtOt9nmeVqXkeyu2INWe51ZnpfD_TsoWMu39uCIRHPoFINIp0AcG2ipGwbVwBrJsY-KBJkcuiiu8dIyhL53bezN-wMTpjiT:1oVqcR:FoPdLY-JN4j9Vzg928LYmmi5KzKRDryEeCoKpl2WaJs",
      "expire_date": "2022-09-21T08:41:11.228Z"
    }
  },
  {
    "model": "sessions.session",
    "pk": "efc5rjo7qf9w2xklmmrbfiaiu5s798hq",
    "fields": {
      "session_data": ".eJxVjEEOgjAQRe_StWmYUkpx6d4zNDOdGYsaSCisjHdXEha6_e-9_zIJt7WkrcqSRjZnA-b0uxHmh0w74DtOt9nmeVqXkeyu2INWe51ZnpfD_TsoWMu39uCIRHPoFINIp0AcG2ipGwbVwBrJsY-KBJkcuiiu8dIyhL53bezN-wMTpjiT:1oVbX6:tYuRgEZS8upyggzU1y_VoZWtikKfroQmx1bqT9B4Oco",
      "expire_date": "2022-09-20T16:34:40.218Z"
    }
  },
  {
    "model": "sessions.session",
    "pk": "gs4xibhvzi6sxsheld8zdh5sc1c2d47i",
    "fields": {
      "session_data": ".eJxVjEEOgjAQRe_StWmYUkpx6d4zNDOdGYsaSCisjHdXEha6_e-9_zIJt7WkrcqSRjZnA-b0uxHmh0w74DtOt9nmeVqXkeyu2INWe51ZnpfD_TsoWMu39uCIRHPoFINIp0AcG2ipGwbVwBrJsY-KBJkcuiiu8dIyhL53bezN-wMTpjiT:1oeCYT:7kNLJYrYu3apv_4SYmWT1Q2P6i-JuUE7soT0pnfzFjs",
      "expire_date": "2022-10-14T09:43:37.084Z"
    }
  },
  {
    "model": "sessions.session",
    "pk": "gu1pnanrvlz4ohgzo4hc8qe5wn0na8i6",
    "fields": {
      "session_data": ".eJxVjEEOgjAQRe_StWmYUkpx6d4zNDOdGYsaSCisjHdXEha6_e-9_zIJt7WkrcqSRjZnA-b0uxHmh0w74DtOt9nmeVqXkeyu2INWe51ZnpfD_TsoWMu39uCIRHPoFINIp0AcG2ipGwbVwBrJsY-KBJkcuiiu8dIyhL53bezN-wMTpjiT:1oeDIg:RNmO3NyDAl__18q7gGFIg8hGOHA4LJpHXCLcCWT3xjw",
      "expire_date": "2022-10-14T10:31:22.728Z"
    }
  },
  {
    "model": "sessions.session",
    "pk": "hgbi8smeivlj9a8sltkytoal7byl5e0u",
    "fields": {
      "session_data": ".eJxVjEEOgjAQRe_StWmYUkpx6d4zNDOdGYsaSCisjHdXEha6_e-9_zIJt7WkrcqSRjZnA-b0uxHmh0w74DtOt9nmeVqXkeyu2INWe51ZnpfD_TsoWMu39uCIRHPoFINIp0AcG2ipGwbVwBrJsY-KBJkcuiiu8dIyhL53bezN-wMTpjiT:1ockK7:1TyaX63zRmklwiUVhsrQmWohZC4tDA3UTCPJ3nxBCi4",
      "expire_date": "2022-10-10T09:22:47.520Z"
    }
  },
  {
    "model": "sessions.session",
    "pk": "ja83v1h3kotodl64y6s0d8ukdllf9lbd",
    "fields": {
      "session_data": ".eJxVjEEOgjAQRe_StWmYUkpx6d4zNDOdGYsaSCisjHdXEha6_e-9_zIJt7WkrcqSRjZnA-b0uxHmh0w74DtOt9nmeVqXkeyu2INWe51ZnpfD_TsoWMu39uCIRHPoFINIp0AcG2ipGwbVwBrJsY-KBJkcuiiu8dIyhL53bezN-wMTpjiT:1oZTYf:ZHeFMaFMK4HeWP1RcCilU2nyRnMfcQcv_U1rGhgUbQo",
      "expire_date": "2022-10-01T08:52:17.869Z"
    }
  },
  {
    "model": "sessions.session",
    "pk": "nx2jh3k1i2xac1uzzijhoy509scutjw4",
    "fields": {
      "session_data": ".eJxVjEEOgjAQRe_StWmYUkpx6d4zNDOdGYsaSCisjHdXEha6_e-9_zIJt7WkrcqSRjZnA-b0uxHmh0w74DtOt9nmeVqXkeyu2INWe51ZnpfD_TsoWMu39uCIRHPoFINIp0AcG2ipGwbVwBrJsY-KBJkcuiiu8dIyhL53bezN-wMTpjiT:1ockDG:1HA1yv-QnE1_Pgoo8xLT-qrsdjzAdEqxuB6bDfh9DcA",
      "expire_date": "2022-10-10T09:15:42.699Z"
    }
  },
  {
    "model": "sessions.session",
    "pk": "nyk1i1214yhci4o4mguos1ik7rrb7j8f",
    "fields": {
      "session_data": ".eJxVjEEOgjAQRe_StWmYUkpx6d4zNDOdGYsaSCisjHdXEha6_e-9_zIJt7WkrcqSRjZnA-b0uxHmh0w74DtOt9nmeVqXkeyu2INWe51ZnpfD_TsoWMu39uCIRHPoFINIp0AcG2ipGwbVwBrJsY-KBJkcuiiu8dIyhL53bezN-wMTpjiT:1oZTbe:YxvdKLcKtToU3VX8JieFcQOwdOYZ3PW8-WphZxNoPKw",
      "expire_date": "2022-10-01T08:55:22.866Z"
    }
  },
  {
    "model": "sessions.session",
    "pk": "paiqbgynxq87dnj3y5bpbq9kykyt7ajc",
    "fields": {
      "session_data": ".eJxVjEEOgjAQRe_StWmYUkpx6d4zNDOdGYsaSCisjHdXEha6_e-9_zIJt7WkrcqSRjZnA-b0uxHmh0w74DtOt9nmeVqXkeyu2INWe51ZnpfD_TsoWMu39uCIRHPoFINIp0AcG2ipGwbVwBrJsY-KBJkcuiiu8dIyhL53bezN-wMTpjiT:1oUPQX:DyGGQJ3aTUfZAY6O_u1YdhXguAZNZjC7xlTezPmXIS0",
      "expire_date": "2022-09-17T09:26:57.945Z"
    }
  },
  {
    "model": "sessions.session",
    "pk": "q9kzruxud64dcye494bvjn5ae4nh0xlf",
    "fields": {
      "session_data": ".eJxVjEEOgjAQRe_StWmYUkpx6d4zNDOdGYsaSCisjHdXEha6_e-9_zIJt7WkrcqSRjZnA-b0uxHmh0w74DtOt9nmeVqXkeyu2INWe51ZnpfD_TsoWMu39uCIRHPoFINIp0AcG2ipGwbVwBrJsY-KBJkcuiiu8dIyhL53bezN-wMTpjiT:1oKGJ3:HYuQ_73Oapi1YlnKq8fd_G_HDticqfytNA88xsVKTHU",
      "expire_date": "2022-08-20T09:41:17.318Z"
    }
  },
  {
    "model": "sessions.session",
    "pk": "tynr99glhqou2af9mipv5pyx9p8vex5n",
    "fields": {
      "session_data": ".eJxVjEEOgjAQRe_StWmYUkpx6d4zNDOdGYsaSCisjHdXEha6_e-9_zIJt7WkrcqSRjZnA-b0uxHmh0w74DtOt9nmeVqXkeyu2INWe51ZnpfD_TsoWMu39uCIRHPoFINIp0AcG2ipGwbVwBrJsY-KBJkcuiiu8dIyhL53bezN-wMTpjiT:1octcR:_HtPGwHQnSQ6gOfti-8fqZt4S8W_3X96JZg5Ydy5xHs",
      "expire_date": "2022-10-10T19:18:19.366Z"
    }
  },
  {
    "model": "sessions.session",
    "pk": "v0im9izu2jdli50mj40o7mz7e60fvjwk",
    "fields": {
      "session_data": ".eJxVjEEOgjAQRe_StWmYUkpx6d4zNDOdGYsaSCisjHdXEha6_e-9_zIJt7WkrcqSRjZnA-b0uxHmh0w74DtOt9nmeVqXkeyu2INWe51ZnpfD_TsoWMu39uCIRHPoFINIp0AcG2ipGwbVwBrJsY-KBJkcuiiu8dIyhL53bezN-wMTpjiT:1oeCPd:PYZ-4XcqzSag8nIj-rIrqU_fuOoGz3KV-xAkfH3LyIk",
      "expire_date": "2022-10-14T09:34:29.182Z"
    }
  },
  {
    "model": "sessions.session",
    "pk": "v3dzwhd3nhbhgst5nww70oexb5kbldp7",
    "fields": {
      "session_data": ".eJxVjEEOgjAQRe_StWmYUkpx6d4zNDOdGYsaSCisjHdXEha6_e-9_zIJt7WkrcqSRjZnA-b0uxHmh0w74DtOt9nmeVqXkeyu2INWe51ZnpfD_TsoWMu39uCIRHPoFINIp0AcG2ipGwbVwBrJsY-KBJkcuiiu8dIyhL53bezN-wMTpjiT:1ocpCc:xt_cKvITbEPrq9Dd9rXpi49PAdpaExXqmFFyk2YSKj4",
      "expire_date": "2022-10-10T14:35:22.796Z"
    }
  },
  {
    "model": "sessions.session",
    "pk": "xuj075fyousl5sul5qzyw0ydrt9tqmtk",
    "fields": {
      "session_data": ".eJxVjEEOgjAQRe_StWmYUkpx6d4zNDOdGYsaSCisjHdXEha6_e-9_zIJt7WkrcqSRjZnA-b0uxHmh0w74DtOt9nmeVqXkeyu2INWe51ZnpfD_TsoWMu39uCIRHPoFINIp0AcG2ipGwbVwBrJsY-KBJkcuiiu8dIyhL53bezN-wMTpjiT:1ocV3l:Xb5GbpGZKSYvlIiVFK7amqkxiUQY-KfPADvguJFT5bs",
      "expire_date": "2022-10-09T17:04:53.869Z"
    }
  },
  {
    "model": "sessions.session",
    "pk": "y3vmin2yhj8f7zb9qmq3ewdtjz2opcke",
    "fields": {
      "session_data": ".eJxVjEEOgjAQRe_StWmYUkpx6d4zNDOdGYsaSCisjHdXEha6_e-9_zIJt7WkrcqSRjZnA-b0uxHmh0w74DtOt9nmeVqXkeyu2INWe51ZnpfD_TsoWMu39uCIRHPoFINIp0AcG2ipGwbVwBrJsY-KBJkcuiiu8dIyhL53bezN-wMTpjiT:1oVCkv:ZMK2pyixMuIQg4qmuwj2VV3HcfO92nDm-dqktL2HGOI",
      "expire_date": "2022-09-19T14:07:17.959Z"
    }
  },
  {
    "model": "sessions.session",
    "pk": "zpsj5k54xzfe7vd7hh4910oyf77d9a7j",
    "fields": {
      "session_data": ".eJxVjEEOgjAQRe_StWmYUkpx6d4zNDOdGYsaSCisjHdXEha6_e-9_zIJt7WkrcqSRjZnA-b0uxHmh0w74DtOt9nmeVqXkeyu2INWe51ZnpfD_TsoWMu39uCIRHPoFINIp0AcG2ipGwbVwBrJsY-KBJkcuiiu8dIyhL53bezN-wMTpjiT:1oMnFm:6VhPlw7zqTHjVwePQYaPKaobGiw9qp_4Ka6wfxk2aNk",
      "expire_date": "2022-08-27T09:16:22.957Z"
    }
  },
  {
    "model": "defender.accessattempt",
    "pk": 1,
    "fields": {
      "user_agent": "Mozilla/5.0 (Macintosh; Intel Mac OS X 10.15; rv:102.0) Gecko/20100101 Firefox/102.0",
      "ip_address": "172.20.0.1",
      "username": "test@test.com",
      "http_accept": "text/html,application/xhtml+xml,application/xml;q=0.9,image/avif,image/webp,*/*;q=0.8",
      "path_info": "/api/login/",
      "attempt_time": "2022-08-06T09:41:17.312Z",
      "login_valid": true
    }
  },
  {
    "model": "defender.accessattempt",
    "pk": 2,
    "fields": {
      "user_agent": "Mozilla/5.0 (Macintosh; Intel Mac OS X 10.15; rv:103.0) Gecko/20100101 Firefox/103.0",
      "ip_address": "172.31.0.1",
      "username": "test@test.com",
      "http_accept": "text/html,application/xhtml+xml,application/xml;q=0.9,image/avif,image/webp,*/*;q=0.8",
      "path_info": "/api/login/",
      "attempt_time": "2022-08-13T09:16:22.946Z",
      "login_valid": true
    }
  },
  {
    "model": "defender.accessattempt",
    "pk": 3,
    "fields": {
      "user_agent": "Mozilla/5.0 (Macintosh; Intel Mac OS X 10.15; rv:104.0) Gecko/20100101 Firefox/104.0",
      "ip_address": "172.31.0.1",
      "username": "test@test.com",
      "http_accept": "text/html,application/xhtml+xml,application/xml;q=0.9,image/avif,image/webp,*/*;q=0.8",
      "path_info": "/api/login/",
      "attempt_time": "2022-09-03T09:26:57.942Z",
      "login_valid": true
    }
  },
  {
    "model": "defender.accessattempt",
    "pk": 4,
    "fields": {
      "user_agent": "Mozilla/5.0 (Macintosh; Intel Mac OS X 10.15; rv:104.0) Gecko/20100101 Firefox/104.0",
      "ip_address": "172.21.0.1",
      "username": "test@test.com",
      "http_accept": "text/html,application/xhtml+xml,application/xml;q=0.9,image/avif,image/webp,*/*;q=0.8",
      "path_info": "/api/login/",
      "attempt_time": "2022-09-05T06:50:02.924Z",
      "login_valid": true
    }
  },
  {
    "model": "defender.accessattempt",
    "pk": 5,
    "fields": {
      "user_agent": "Mozilla/5.0 (Macintosh; Intel Mac OS X 10.15; rv:104.0) Gecko/20100101 Firefox/104.0",
      "ip_address": "172.21.0.1",
      "username": "test@test.com",
      "http_accept": "text/html,application/xhtml+xml,application/xml;q=0.9,image/avif,image/webp,*/*;q=0.8",
      "path_info": "/admin/login/",
      "attempt_time": "2022-09-05T13:26:53.570Z",
      "login_valid": true
    }
  },
  {
    "model": "defender.accessattempt",
    "pk": 6,
    "fields": {
      "user_agent": "Mozilla/5.0 (Macintosh; Intel Mac OS X 10.15; rv:104.0) Gecko/20100101 Firefox/104.0",
      "ip_address": "172.21.0.1",
      "username": "test@test.com",
      "http_accept": "text/html,application/xhtml+xml,application/xml;q=0.9,image/avif,image/webp,*/*;q=0.8",
      "path_info": "/admin/login/",
      "attempt_time": "2022-09-05T14:07:17.958Z",
      "login_valid": true
    }
  },
  {
    "model": "defender.accessattempt",
    "pk": 7,
    "fields": {
      "user_agent": "Mozilla/5.0 (Macintosh; Intel Mac OS X 10.15; rv:104.0) Gecko/20100101 Firefox/104.0",
      "ip_address": "172.21.0.1",
      "username": "test@test.com",
      "http_accept": "text/html,application/xhtml+xml,application/xml;q=0.9,image/avif,image/webp,*/*;q=0.8",
      "path_info": "/admin/login/",
      "attempt_time": "2022-09-05T14:24:18.024Z",
      "login_valid": true
    }
  },
  {
    "model": "defender.accessattempt",
    "pk": 8,
    "fields": {
      "user_agent": "Mozilla/5.0 (Macintosh; Intel Mac OS X 10.15; rv:104.0) Gecko/20100101 Firefox/104.0",
      "ip_address": "172.21.0.1",
      "username": "test@test.com",
      "http_accept": "text/html,application/xhtml+xml,application/xml;q=0.9,image/avif,image/webp,*/*;q=0.8",
      "path_info": "/admin/login/",
      "attempt_time": "2022-09-05T16:59:29.989Z",
      "login_valid": true
    }
  },
  {
    "model": "defender.accessattempt",
    "pk": 9,
    "fields": {
      "user_agent": "Mozilla/5.0 (Macintosh; Intel Mac OS X 10.15; rv:104.0) Gecko/20100101 Firefox/104.0",
      "ip_address": "172.21.0.1",
      "username": "test@test.com",
      "http_accept": "text/html,application/xhtml+xml,application/xml;q=0.9,image/avif,image/webp,*/*;q=0.8",
      "path_info": "/api/login/",
      "attempt_time": "2022-09-06T12:05:26.362Z",
      "login_valid": true
    }
  },
  {
    "model": "defender.accessattempt",
    "pk": 10,
    "fields": {
      "user_agent": "Mozilla/5.0 (Macintosh; Intel Mac OS X 10.15; rv:104.0) Gecko/20100101 Firefox/104.0",
      "ip_address": "172.21.0.1",
      "username": "test@test.com",
      "http_accept": "text/html,application/xhtml+xml,application/xml;q=0.9,image/avif,image/webp,*/*;q=0.8",
      "path_info": "/admin/login/",
      "attempt_time": "2022-09-06T12:12:27.854Z",
      "login_valid": true
    }
  },
  {
    "model": "defender.accessattempt",
    "pk": 11,
    "fields": {
      "user_agent": "Mozilla/5.0 (Macintosh; Intel Mac OS X 10.15; rv:104.0) Gecko/20100101 Firefox/104.0",
      "ip_address": "172.21.0.1",
      "username": "test@test.com",
      "http_accept": "text/html,application/xhtml+xml,application/xml;q=0.9,image/avif,image/webp,*/*;q=0.8",
      "path_info": "/admin/login/",
      "attempt_time": "2022-09-06T16:34:40.216Z",
      "login_valid": true
    }
  },
  {
    "model": "defender.accessattempt",
    "pk": 12,
    "fields": {
      "user_agent": "Mozilla/5.0 (Macintosh; Intel Mac OS X 10.15; rv:104.0) Gecko/20100101 Firefox/104.0",
      "ip_address": "172.21.0.1",
      "username": "test@test.com",
      "http_accept": "text/html,application/xhtml+xml,application/xml;q=0.9,image/avif,image/webp,*/*;q=0.8",
      "path_info": "/admin/login/",
      "attempt_time": "2022-09-07T08:41:11.222Z",
      "login_valid": true
    }
  },
  {
    "model": "defender.accessattempt",
    "pk": 13,
    "fields": {
      "user_agent": "Mozilla/5.0 (Macintosh; Intel Mac OS X 10.15; rv:104.0) Gecko/20100101 Firefox/104.0",
      "ip_address": "172.21.0.1",
      "username": "test@test.com",
      "http_accept": "text/html,application/xhtml+xml,application/xml;q=0.9,image/avif,image/webp,*/*;q=0.8",
      "path_info": "/admin/login/",
      "attempt_time": "2022-09-07T10:33:09.535Z",
      "login_valid": true
    }
  },
  {
    "model": "defender.accessattempt",
    "pk": 14,
    "fields": {
      "user_agent": "Mozilla/5.0 (Macintosh; Intel Mac OS X 10.15; rv:104.0) Gecko/20100101 Firefox/104.0",
      "ip_address": "172.21.0.1",
      "username": "test@test.com",
      "http_accept": "text/html,application/xhtml+xml,application/xml;q=0.9,image/avif,image/webp,*/*;q=0.8",
      "path_info": "/api/login/",
      "attempt_time": "2022-09-08T12:53:28.688Z",
      "login_valid": true
    }
  },
  {
    "model": "defender.accessattempt",
    "pk": 15,
    "fields": {
      "user_agent": "Mozilla/5.0 (Macintosh; Intel Mac OS X 10.15; rv:104.0) Gecko/20100101 Firefox/104.0",
      "ip_address": "172.21.0.1",
      "username": "test@test.com",
      "http_accept": "text/html,application/xhtml+xml,application/xml;q=0.9,image/avif,image/webp,*/*;q=0.8",
      "path_info": "/api/login/",
      "attempt_time": "2022-09-17T08:52:17.862Z",
      "login_valid": true
    }
  },
  {
    "model": "defender.accessattempt",
    "pk": 16,
    "fields": {
      "user_agent": "Mozilla/5.0 (Macintosh; Intel Mac OS X 10.15; rv:104.0) Gecko/20100101 Firefox/104.0",
      "ip_address": "172.21.0.1",
      "username": "test@test.com",
      "http_accept": "text/html,application/xhtml+xml,application/xml;q=0.9,image/avif,image/webp,*/*;q=0.8",
      "path_info": "/admin/login/",
      "attempt_time": "2022-09-17T08:53:52.370Z",
      "login_valid": true
    }
  },
  {
    "model": "defender.accessattempt",
    "pk": 17,
    "fields": {
      "user_agent": "Mozilla/5.0 (Macintosh; Intel Mac OS X 10.15; rv:104.0) Gecko/20100101 Firefox/104.0",
      "ip_address": "172.21.0.1",
      "username": "test@test.com",
      "http_accept": "text/html,application/xhtml+xml,application/xml;q=0.9,image/avif,image/webp,*/*;q=0.8",
      "path_info": "/api/login/",
      "attempt_time": "2022-09-17T08:55:22.857Z",
      "login_valid": true
    }
  },
  {
    "model": "defender.accessattempt",
    "pk": 18,
    "fields": {
      "user_agent": "Mozilla/5.0 (Macintosh; Intel Mac OS X 10.15; rv:104.0) Gecko/20100101 Firefox/104.0",
      "ip_address": "172.21.0.1",
      "username": "test@test.com",
      "http_accept": "text/html,application/xhtml+xml,application/xml;q=0.9,image/avif,image/webp,*/*;q=0.8",
      "path_info": "/api/login/",
      "attempt_time": "2022-09-25T16:58:42.689Z",
      "login_valid": true
    }
  },
  {
    "model": "defender.accessattempt",
    "pk": 19,
    "fields": {
      "user_agent": "Mozilla/5.0 (Macintosh; Intel Mac OS X 10.15; rv:104.0) Gecko/20100101 Firefox/104.0",
      "ip_address": "172.21.0.1",
      "username": "test@test.com",
      "http_accept": "text/html,application/xhtml+xml,application/xml;q=0.9,image/avif,image/webp,*/*;q=0.8",
      "path_info": "/api/login/",
      "attempt_time": "2022-09-25T17:04:53.865Z",
      "login_valid": true
    }
  },
  {
    "model": "defender.accessattempt",
    "pk": 20,
    "fields": {
      "user_agent": "Mozilla/5.0 (Macintosh; Intel Mac OS X 10.15; rv:104.0) Gecko/20100101 Firefox/104.0",
      "ip_address": "172.21.0.1",
      "username": "test@test.com",
      "http_accept": "text/html,application/xhtml+xml,application/xml;q=0.9,image/avif,image/webp,*/*;q=0.8",
      "path_info": "/admin/login/",
      "attempt_time": "2022-09-26T09:15:42.693Z",
      "login_valid": true
    }
  },
  {
    "model": "defender.accessattempt",
    "pk": 21,
    "fields": {
      "user_agent": "Mozilla/5.0 (Macintosh; Intel Mac OS X 10.15; rv:104.0) Gecko/20100101 Firefox/104.0",
      "ip_address": "172.21.0.1",
      "username": "test@test.com",
      "http_accept": "text/html,application/xhtml+xml,application/xml;q=0.9,image/avif,image/webp,*/*;q=0.8",
      "path_info": "/admin/login/",
      "attempt_time": "2022-09-26T09:22:47.518Z",
      "login_valid": true
    }
  },
  {
    "model": "defender.accessattempt",
    "pk": 22,
    "fields": {
      "user_agent": "Mozilla/5.0 (Macintosh; Intel Mac OS X 10.15; rv:104.0) Gecko/20100101 Firefox/104.0",
      "ip_address": "172.21.0.1",
      "username": "test@test.com",
      "http_accept": "text/html,application/xhtml+xml,application/xml;q=0.9,image/avif,image/webp,*/*;q=0.8",
      "path_info": "/admin/login/",
      "attempt_time": "2022-09-26T10:09:11.825Z",
      "login_valid": true
    }
  },
  {
    "model": "defender.accessattempt",
    "pk": 23,
    "fields": {
      "user_agent": "Mozilla/5.0 (Macintosh; Intel Mac OS X 10.15; rv:104.0) Gecko/20100101 Firefox/104.0",
      "ip_address": "172.21.0.1",
      "username": "test@test.com",
      "http_accept": "text/html,application/xhtml+xml,application/xml;q=0.9,image/avif,image/webp,*/*;q=0.8",
      "path_info": "/admin/login/",
      "attempt_time": "2022-09-26T14:35:22.794Z",
      "login_valid": true
    }
  },
  {
    "model": "defender.accessattempt",
    "pk": 24,
    "fields": {
      "user_agent": "Mozilla/5.0 (Macintosh; Intel Mac OS X 10.15; rv:104.0) Gecko/20100101 Firefox/104.0",
      "ip_address": "172.21.0.1",
      "username": "test@test.com",
      "http_accept": "text/html,application/xhtml+xml,application/xml;q=0.9,image/avif,image/webp,*/*;q=0.8",
      "path_info": "/admin/login/",
      "attempt_time": "2022-09-26T15:12:44.617Z",
      "login_valid": true
    }
  },
  {
    "model": "defender.accessattempt",
    "pk": 25,
    "fields": {
      "user_agent": "Mozilla/5.0 (Macintosh; Intel Mac OS X 10.15; rv:104.0) Gecko/20100101 Firefox/104.0",
      "ip_address": "172.21.0.1",
      "username": "test@test.com",
      "http_accept": "text/html,application/xhtml+xml,application/xml;q=0.9,image/avif,image/webp,*/*;q=0.8",
      "path_info": "/admin/login/",
      "attempt_time": "2022-09-26T18:39:44.951Z",
      "login_valid": true
    }
  },
  {
    "model": "defender.accessattempt",
    "pk": 26,
    "fields": {
      "user_agent": "Mozilla/5.0 (Macintosh; Intel Mac OS X 10.15; rv:104.0) Gecko/20100101 Firefox/104.0",
      "ip_address": "172.21.0.1",
      "username": "test@test.com",
      "http_accept": "text/html,application/xhtml+xml,application/xml;q=0.9,image/avif,image/webp,*/*;q=0.8",
      "path_info": "/admin/login/",
      "attempt_time": "2022-09-26T19:18:19.364Z",
      "login_valid": true
    }
  },
  {
    "model": "defender.accessattempt",
    "pk": 27,
    "fields": {
      "user_agent": "Mozilla/5.0 (Macintosh; Intel Mac OS X 10.15; rv:104.0) Gecko/20100101 Firefox/104.0",
      "ip_address": "172.21.0.1",
      "username": "test@test.com",
      "http_accept": "text/html,application/xhtml+xml,application/xml;q=0.9,image/avif,image/webp,*/*;q=0.8",
      "path_info": "/admin/login/",
      "attempt_time": "2022-09-30T09:26:03.762Z",
      "login_valid": true
    }
  },
  {
    "model": "defender.accessattempt",
    "pk": 28,
    "fields": {
      "user_agent": "Mozilla/5.0 (Macintosh; Intel Mac OS X 10.15; rv:104.0) Gecko/20100101 Firefox/104.0",
      "ip_address": "172.21.0.1",
      "username": "test@test.com",
      "http_accept": "text/html,application/xhtml+xml,application/xml;q=0.9,image/avif,image/webp,*/*;q=0.8",
      "path_info": "/admin/login/",
      "attempt_time": "2022-09-30T09:34:29.179Z",
      "login_valid": true
    }
  },
  {
    "model": "defender.accessattempt",
    "pk": 29,
    "fields": {
      "user_agent": "Mozilla/5.0 (Macintosh; Intel Mac OS X 10.15; rv:104.0) Gecko/20100101 Firefox/104.0",
      "ip_address": "172.21.0.1",
      "username": "test@test.com",
      "http_accept": "text/html,application/xhtml+xml,application/xml;q=0.9,image/avif,image/webp,*/*;q=0.8",
      "path_info": "/admin/login/",
      "attempt_time": "2022-09-30T09:38:24.342Z",
      "login_valid": true
    }
  },
  {
    "model": "defender.accessattempt",
    "pk": 30,
    "fields": {
      "user_agent": "Mozilla/5.0 (Macintosh; Intel Mac OS X 10.15; rv:104.0) Gecko/20100101 Firefox/104.0",
      "ip_address": "172.21.0.1",
      "username": "test@test.com",
      "http_accept": "text/html,application/xhtml+xml,application/xml;q=0.9,image/avif,image/webp,*/*;q=0.8",
      "path_info": "/admin/login/",
      "attempt_time": "2022-09-30T09:43:37.082Z",
      "login_valid": true
    }
  },
  {
    "model": "defender.accessattempt",
    "pk": 31,
    "fields": {
      "user_agent": "Mozilla/5.0 (Macintosh; Intel Mac OS X 10.15; rv:104.0) Gecko/20100101 Firefox/104.0",
      "ip_address": "172.21.0.1",
      "username": "test@test.com",
      "http_accept": "text/html,application/xhtml+xml,application/xml;q=0.9,image/avif,image/webp,*/*;q=0.8",
      "path_info": "/admin/login/",
      "attempt_time": "2022-09-30T10:00:07.124Z",
      "login_valid": true
    }
  },
  {
    "model": "defender.accessattempt",
    "pk": 32,
    "fields": {
      "user_agent": "Mozilla/5.0 (Macintosh; Intel Mac OS X 10.15; rv:104.0) Gecko/20100101 Firefox/104.0",
      "ip_address": "172.21.0.1",
      "username": "test@test.com",
      "http_accept": "text/html,application/xhtml+xml,application/xml;q=0.9,image/avif,image/webp,*/*;q=0.8",
      "path_info": "/admin/login/",
      "attempt_time": "2022-09-30T10:31:22.726Z",
      "login_valid": true
    }
  },
  {
    "model": "main.user",
    "pk": 1,
    "fields": {
      "password": "pbkdf2_sha256$260000$BUPbM0zw4c746ANS6Mhrdv$I2g8kefN+ihjtBoGJtG7dTsSpnhcPd3c+CvEAexh7kE=",
      "last_login": "2022-09-30T10:31:22.725Z",
      "is_superuser": true,
      "first_name": "Super",
      "last_name": "Admin",
      "is_staff": true,
      "is_active": true,
      "date_joined": "2022-08-02T17:43:18.530Z",
      "email": "test@test.com",
      "groups": [],
      "user_permissions": []
    }
  },
  {
    "model": "channel.channel",
    "pk": 1,
    "fields": {
      "name": "Germany",
      "is_active": true,
      "slug": "germany",
      "currency_code": "\"EUR\"",
      "country": "DE"
    }
  },
  {
    "model": "channel.channel",
    "pk": 2,
    "fields": {
      "name": "Russian Federation",
      "is_active": true,
      "slug": "russian-federation",
      "currency_code": "\"RUB\"",
      "country": "RU"
    }
  },
  {
    "model": "channel.channel",
    "pk": 4,
    "fields": {
      "name": "Ukraine",
      "is_active": true,
      "slug": "ukraine",
      "currency_code": "\"UAH\"",
      "country": "UA"
    }
  },
  {
    "model": "channel.channel",
    "pk": 5,
    "fields": {
      "name": "China",
      "is_active": true,
      "slug": "china",
      "currency_code": "\"CNY\"",
      "country": "CN"
    }
  },
  {
    "model": "channel.channel",
    "pk": 6,
    "fields": {
      "name": "United Kingdom",
      "is_active": true,
      "slug": "united-kingdom",
      "currency_code": "\"GBP\"",
      "country": "GB"
    }
  },
  {
    "model": "channel.channel",
    "pk": 7,
    "fields": {
      "name": "France",
      "is_active": true,
      "slug": "france",
      "currency_code": "\"EUR\"",
      "country": "FR"
    }
  },
  {
    "model": "channel.channel",
    "pk": 8,
    "fields": {
      "name": "Spain",
      "is_active": true,
      "slug": "spain",
      "currency_code": "\"EUR\"",
      "country": "ES"
    }
  },
  {
    "model": "product.producttype",
    "pk": 1,
    "fields": {
      "name": "Iphone",
      "slug": "iphone",
      "kind": "normal",
      "has_variants": true,
      "is_shipping_required": true,
      "is_digital": false,
      "category": 8
    }
  },
  {
    "model": "product.producttype",
    "pk": 2,
    "fields": {
      "name": "Beutifull dress",
      "slug": "beutifull-dress",
      "kind": "normal",
      "has_variants": true,
      "is_shipping_required": true,
      "is_digital": false,
      "category": 2
    }
  },
  {
    "model": "product.producttype",
    "pk": 3,
    "fields": {
      "name": "Pampers",
      "slug": "pampers",
      "kind": "normal",
      "has_variants": true,
      "is_shipping_required": true,
      "is_digital": false,
      "category": 6
    }
  },
  {
    "model": "product.producttype",
    "pk": 4,
    "fields": {
      "name": "Sneakers",
      "slug": "sneakers",
      "kind": "normal",
      "has_variants": true,
      "is_shipping_required": true,
      "is_digital": false,
      "category": 2
    }
  },
  {
    "model": "product.producttype",
    "pk": 5,
    "fields": {
      "name": "Jacket",
      "slug": "jacket",
      "kind": "normal",
      "has_variants": true,
      "is_shipping_required": true,
      "is_digital": false,
      "category": 2
    }
  },
  {
    "model": "product.producttype",
    "pk": 6,
    "fields": {
      "name": "Monoblock",
      "slug": "monoblock",
      "kind": "normal",
      "has_variants": true,
      "is_shipping_required": true,
      "is_digital": false,
      "category": 9
    }
  },
  {
    "model": "product.producttype",
    "pk": 7,
    "fields": {
      "name": "Office",
      "slug": "office",
      "kind": "normal",
      "has_variants": true,
      "is_shipping_required": true,
      "is_digital": true,
      "category": 10
    }
  },
  {
    "model": "product.producttype",
    "pk": 8,
    "fields": {
      "name": "Office chair",
      "slug": "office-chair",
      "kind": "normal",
      "has_variants": true,
      "is_shipping_required": true,
      "is_digital": false,
      "category": 11
    }
  },
  {
    "model": "product.producttype",
    "pk": 9,
    "fields": {
      "name": "Quadracopter",
      "slug": "quadracopter",
      "kind": "normal",
      "has_variants": true,
      "is_shipping_required": true,
      "is_digital": false,
      "category": 1
    }
  },
  {
    "model": "product.producttype",
    "pk": 10,
    "fields": {
      "name": "Shower gel",
      "slug": "shower-gel",
      "kind": "normal",
      "has_variants": true,
      "is_shipping_required": true,
      "is_digital": false,
      "category": 3
    }
  },
  {
    "model": "product.producttype",
    "pk": 11,
    "fields": {
      "name": "Tablet",
      "slug": "tablet",
      "kind": "normal",
      "has_variants": true,
      "is_shipping_required": true,
      "is_digital": false,
      "category": 8
    }
  },
  {
    "model": "product.producttype",
    "pk": 12,
    "fields": {
      "name": "TV home",
      "slug": "tv-home",
      "kind": "normal",
      "has_variants": true,
      "is_shipping_required": true,
      "is_digital": false,
      "category": 5
    }
  },
  {
    "model": "product.producttype",
    "pk": 13,
    "fields": {
      "name": "smart watch",
      "slug": "smart-watch",
      "kind": "normal",
      "has_variants": true,
      "is_shipping_required": true,
      "is_digital": false,
      "category": 8
    }
  },
  {
    "model": "product.producttype",
    "pk": 14,
    "fields": {
      "name": "keyboard",
      "slug": "keyboard",
      "kind": "normal",
      "has_variants": true,
      "is_shipping_required": true,
      "is_digital": false,
      "category": 7
    }
  },
  {
    "model": "product.producttype",
    "pk": 15,
    "fields": {
      "name": "Computers",
      "slug": "computers",
      "kind": "normal",
      "has_variants": true,
      "is_shipping_required": true,
      "is_digital": false,
      "category": 4
    }
  },
  {
    "model": "product.category",
    "pk": 1,
    "fields": {
      "path": "0006",
      "depth": 1,
      "numchild": 1,
      "name": "Electronics",
      "slug": "electronics",
      "description": "Electronics",
      "background_image": "category-images/Electoronics.jpg"
    }
  },
  {
    "model": "product.category",
    "pk": 2,
    "fields": {
      "path": "0004",
      "depth": 1,
      "numchild": 2,
      "name": "Clothes and Shoes",
      "slug": "clothes-and-shoes",
      "description": "Clothes and Shoes",
      "background_image": "category-images/Clothes_and_Shoes.jpg"
    }
  },
  {
    "model": "product.category",
    "pk": 3,
    "fields": {
      "path": "0003",
      "depth": 1,
      "numchild": 2,
      "name": "Beauty and hygiene",
      "slug": "beauty-and-hygiene",
      "description": "Beauty and hygiene",
      "background_image": "category-images/Beauty_and_hygiene.jpg"
    }
  },
  {
    "model": "product.category",
    "pk": 4,
    "fields": {
      "path": "0005",
      "depth": 1,
      "numchild": 2,
      "name": "Computers",
      "slug": "computers",
      "description": "Computers",
      "background_image": "category-images/Computers.jpg"
    }
  },
  {
    "model": "product.category",
    "pk": 5,
    "fields": {
      "path": "0007",
      "depth": 1,
      "numchild": 1,
      "name": "House",
      "slug": "house",
      "description": "House",
      "background_image": "category-images/Home.jpg"
    }
  },
  {
    "model": "product.category",
    "pk": 6,
    "fields": {
      "path": "000A",
      "depth": 1,
      "numchild": 1,
      "name": "Products for children",
      "slug": "products-for-children",
      "description": "Products for children",
      "background_image": "category-images/Products_for_children.jpg"
    }
  },
  {
    "model": "product.category",
    "pk": 7,
    "fields": {
      "path": "0008",
      "depth": 1,
      "numchild": 1,
      "name": "Household Appliances",
      "slug": "household-appliances",
      "description": "Household Appliances",
      "background_image": "category-images/Household_appliances.jpg"
    }
  },
  {
    "model": "product.category",
    "pk": 8,
    "fields": {
      "path": "00060003",
      "depth": 2,
      "numchild": 2,
      "name": "Smartphones and gadgets",
      "slug": "smartphones-and-gadgets",
      "description": "Smartphones and gadgets",
      "background_image": "category-images/Electoronics_J5nP6Tj.jpg"
    }
  },
  {
    "model": "product.category",
    "pk": 9,
    "fields": {
      "path": "00050002",
      "depth": 2,
      "numchild": 1,
      "name": "Desktops and monoblocks",
      "slug": "desktops-and-monoblocks",
      "description": "Desktops and monoblocks",
      "background_image": "category-images/monoblock-base.jpg"
    }
  },
  {
    "model": "product.category",
    "pk": 10,
    "fields": {
      "path": "00050004",
      "depth": 2,
      "numchild": 1,
      "name": "Software",
      "slug": "software",
      "description": "Software",
      "background_image": "category-images/office-base.jpg"
    }
  },
  {
    "model": "product.category",
    "pk": 11,
    "fields": {
      "path": "0009",
      "depth": 1,
      "numchild": 1,
      "name": "Office",
      "slug": "office",
      "description": "Products for office",
      "background_image": "category-images/officechair-base.jpg"
    }
  },
  {
    "model": "product.category",
    "pk": 12,
    "fields": {
      "path": "00030002",
      "depth": 2,
      "numchild": 1,
      "name": "Cosmetics",
      "slug": "cosmetics",
      "description": "Cosmetics",
      "background_image": "category-images/Beauty_and_hygiene_0bWfwxA.jpg"
    }
  },
  {
    "model": "product.category",
    "pk": 13,
    "fields": {
      "path": "00030004",
      "depth": 2,
      "numchild": 1,
      "name": "Maintenance products",
      "slug": "maintenance-products",
      "description": "Maintenance products",
      "background_image": "category-images/Beauty_and_hygiene_T4MADuF.jpg"
    }
  },
  {
    "model": "product.category",
    "pk": 14,
    "fields": {
      "path": "000300040002",
      "depth": 3,
      "numchild": 0,
      "name": "Shampoos",
      "slug": "shampoos",
      "description": "Shampoos",
      "background_image": "category-images/Beauty_and_hygiene_9jAlQPE.jpg"
    }
  },
  {
    "model": "product.category",
    "pk": 15,
    "fields": {
      "path": "000300020002",
      "depth": 3,
      "numchild": 0,
      "name": "Make-up",
      "slug": "make-up",
      "description": "Make-up",
      "background_image": "category-images/Beauty_and_hygiene_t8nLS1Q.jpg"
    }
  },
  {
    "model": "product.category",
    "pk": 16,
    "fields": {
      "path": "00040004",
      "depth": 2,
      "numchild": 1,
      "name": "For women",
      "slug": "for-women",
      "description": "For women",
      "background_image": "category-images/Clothes_and_Shoes_tcNs4Vv.jpg"
    }
  },
  {
    "model": "product.category",
    "pk": 17,
    "fields": {
      "path": "00040003",
      "depth": 2,
      "numchild": 1,
      "name": "For men",
      "slug": "for-men",
      "description": "For men",
      "background_image": "category-images/Clothes_and_Shoes_lkJLPV3.jpg"
    }
  },
  {
    "model": "product.category",
    "pk": 18,
    "fields": {
      "path": "000400030002",
      "depth": 3,
      "numchild": 0,
      "name": "T-shirts and shirts",
      "slug": "t-shirts-and-shirts",
      "description": "T-shirts and shirts",
      "background_image": "category-images/Clothes_and_Shoes_xLdABFI.jpg"
    }
  },
  {
    "model": "product.category",
    "pk": 19,
    "fields": {
      "path": "000400040002",
      "depth": 3,
      "numchild": 0,
      "name": "Dresses & sundresses",
      "slug": "dresses-sundresses",
      "description": "Dresses & sundresses",
      "background_image": "category-images/Clothes_and_Shoes_JWdWKvM.jpg"
    }
  },
  {
    "model": "product.category",
    "pk": 20,
    "fields": {
      "path": "000500020002",
      "depth": 3,
      "numchild": 0,
      "name": "Laptops",
      "slug": "laptops",
      "description": "Laptops",
      "background_image": "category-images/Laptop.jpg"
    }
  },
  {
    "model": "product.category",
    "pk": 21,
    "fields": {
      "path": "000500040002",
      "depth": 3,
      "numchild": 0,
      "name": "Games for consoles and PCs",
      "slug": "games-for-consoles-and-pcs",
      "description": "Games for consoles and PCs",
      "background_image": "category-images/Electoronics_UIxUM9Y.jpg"
    }
  },
  {
    "model": "product.category",
    "pk": 22,
    "fields": {
      "path": "000600030004",
      "depth": 3,
      "numchild": 0,
      "name": "Smartphones",
      "slug": "smartphones",
      "description": "Smartphones",
      "background_image": "category-images/Electoronics_lxR8afd.jpg"
    }
  },
  {
    "model": "product.category",
    "pk": 23,
    "fields": {
      "path": "000600030003",
      "depth": 3,
      "numchild": 0,
      "name": "Gadgets",
      "slug": "gadgets",
      "description": "Gadgets",
      "background_image": "category-images/Electoronics_X6qysf8.jpg"
    }
  },
  {
    "model": "product.category",
    "pk": 24,
    "fields": {
      "path": "00070002",
      "depth": 2,
      "numchild": 1,
      "name": "Dishes",
      "slug": "dishes",
      "description": "Dishes",
      "background_image": "category-images/Home_nUM0haX.jpg"
    }
  },
  {
    "model": "product.category",
    "pk": 25,
    "fields": {
      "path": "000700020002",
      "depth": 3,
      "numchild": 0,
      "name": "Cooking",
      "slug": "cooking",
      "description": "Cooking",
      "background_image": "category-images/Home_qZgcjoy.jpg"
    }
  },
  {
    "model": "product.category",
    "pk": 26,
    "fields": {
      "path": "00080002",
      "depth": 2,
      "numchild": 1,
      "name": "Large kitchen appliances",
      "slug": "large-kitchen-appliances",
      "description": "Large kitchen appliances",
      "background_image": "category-images/Household_appliances_p8ogbWt.jpg"
    }
  },
  {
    "model": "product.category",
    "pk": 27,
    "fields": {
      "path": "000800020002",
      "depth": 3,
      "numchild": 0,
      "name": "Refrigerators",
      "slug": "refrigerators",
      "description": "Refrigerators",
      "background_image": "category-images/Household_appliances_6v9P0ZR.jpg"
    }
  },
  {
    "model": "product.category",
    "pk": 28,
    "fields": {
      "path": "00090002",
      "depth": 2,
      "numchild": 1,
      "name": "Chairs",
      "slug": "chairs",
      "description": "Chairs",
      "background_image": "category-images/Computers_PjU3daB.jpg"
    }
  },
  {
    "model": "product.category",
    "pk": 29,
    "fields": {
      "path": "000900020002",
      "depth": 3,
      "numchild": 0,
      "name": "Standing chairs",
      "slug": "standing-chairs",
      "description": "Standing chairs",
      "background_image": "category-images/Computers_mwsaGfQ.jpg"
    }
  },
  {
    "model": "product.category",
    "pk": 30,
    "fields": {
      "path": "000A0002",
      "depth": 2,
      "numchild": 1,
      "name": "Toys and games",
      "slug": "toys-and-games",
      "description": "Toys and games",
      "background_image": "category-images/Products_for_children_9Hx0381.jpg"
    }
  },
  {
    "model": "product.category",
    "pk": 31,
    "fields": {
      "path": "000A00020002",
      "depth": 3,
      "numchild": 0,
      "name": "Gifts for school",
      "slug": "gifts-for-school",
      "description": "Gifts for school",
      "background_image": "category-images/Products_for_children_2xTsJOw.jpg"
    }
  },
  {
    "model": "product.product",
    "pk": 1,
    "fields": {
      "product_type": 1,
      "name": "Iphone 11",
      "description": "Iphone 11",
      "created": "2022-08-07T13:21:33.885Z",
      "updated": "2022-08-07T13:21:33.885Z",
      "default_variant": null,
      "rating": 5.0,
      "is_bestseller": true
    }
  },
  {
    "model": "product.product",
    "pk": 2,
    "fields": {
      "product_type": 2,
      "name": "Dress",
      "description": "Dress",
      "created": "2022-08-07T13:27:24.318Z",
      "updated": "2022-08-07T13:27:24.318Z",
      "default_variant": null,
      "rating": 3.0,
      "is_bestseller": true
    }
  },
  {
    "model": "product.product",
    "pk": 3,
    "fields": {
      "product_type": 3,
      "name": "Pampers Huggies",
      "description": "Pampers Huggies",
      "created": "2022-08-07T14:19:09.839Z",
      "updated": "2022-08-09T11:44:48.000Z",
      "default_variant": null,
      "rating": 2.0,
      "is_bestseller": true
    }
  },
  {
    "model": "product.product",
    "pk": 4,
    "fields": {
      "product_type": 4,
      "name": "Sneakers aliexpress",
      "description": "Sneakers aliexpress",
      "created": "2022-08-07T14:27:47.866Z",
      "updated": "2022-08-07T14:27:47.866Z",
      "default_variant": null,
      "rating": 4.0,
      "is_bestseller": true
    }
  },
  {
    "model": "product.product",
    "pk": 5,
    "fields": {
      "product_type": 5,
      "name": "Smart jacket",
      "description": "Smart jacket",
      "created": "2022-08-07T14:28:30.951Z",
      "updated": "2022-08-07T14:28:30.951Z",
      "default_variant": null,
      "rating": 5.0,
      "is_bestseller": true
    }
  },
  {
    "model": "product.product",
    "pk": 6,
    "fields": {
      "product_type": 6,
      "name": "Monoblock",
      "description": "Monoblock",
      "created": "2022-08-07T14:29:00.733Z",
      "updated": "2022-08-07T14:29:00.733Z",
      "default_variant": null,
      "rating": 5.0,
      "is_bestseller": false
    }
  },
  {
    "model": "product.product",
    "pk": 7,
    "fields": {
      "product_type": 7,
      "name": "Office software",
      "description": "Office software",
      "created": "2022-08-07T14:29:24.179Z",
      "updated": "2022-08-07T14:29:24.179Z",
      "default_variant": null,
      "rating": 5.0,
      "is_bestseller": true
    }
  },
  {
    "model": "product.product",
    "pk": 8,
    "fields": {
      "product_type": 8,
      "name": "Chair for office",
      "description": "Chair for office",
      "created": "2022-08-07T14:29:50.397Z",
      "updated": "2022-08-07T14:29:50.397Z",
      "default_variant": null,
      "rating": 2.0,
      "is_bestseller": true
    }
  },
  {
    "model": "product.product",
    "pk": 9,
    "fields": {
      "product_type": 9,
      "name": "Quadracopter ali",
      "description": "Quadracopter ali",
      "created": "2022-08-07T14:30:24.666Z",
      "updated": "2022-08-07T14:30:24.666Z",
      "default_variant": null,
      "rating": 5.0,
      "is_bestseller": true
    }
  },
  {
    "model": "product.product",
    "pk": 10,
    "fields": {
      "product_type": 10,
      "name": "Shower gel",
      "description": "Shower gel",
      "created": "2022-08-07T14:30:54.020Z",
      "updated": "2022-08-07T14:30:54.020Z",
      "default_variant": null,
      "rating": 5.0,
      "is_bestseller": true
    }
  },
  {
    "model": "product.product",
    "pk": 11,
    "fields": {
      "product_type": 11,
      "name": "Usual Tablet",
      "description": "Usual Tablet",
      "created": "2022-08-07T14:31:24.477Z",
      "updated": "2022-08-07T14:31:24.477Z",
      "default_variant": null,
      "rating": 5.0,
      "is_bestseller": true
    }
  },
  {
    "model": "product.product",
    "pk": 12,
    "fields": {
      "product_type": 12,
      "name": "Home TV",
      "description": "Home TV",
      "created": "2022-08-07T14:31:47.661Z",
      "updated": "2022-08-07T14:31:47.661Z",
      "default_variant": null,
      "rating": 5.0,
      "is_bestseller": true
    }
  },
  {
    "model": "product.product",
    "pk": 13,
    "fields": {
      "product_type": 13,
      "name": "Apple watch",
      "description": "Apple watch",
      "created": "2022-08-07T14:32:16.691Z",
      "updated": "2022-08-07T14:32:16.691Z",
      "default_variant": null,
      "rating": 1.0,
      "is_bestseller": true
    }
  },
  {
    "model": "product.product",
    "pk": 14,
    "fields": {
      "product_type": 14,
      "name": "Usual keyboard",
      "description": "Usual keyboard",
      "created": "2022-08-07T14:32:39.647Z",
      "updated": "2022-08-07T14:32:39.647Z",
      "default_variant": null,
      "rating": 5.0,
      "is_bestseller": true
    }
  },
  {
    "model": "product.product",
    "pk": 15,
    "fields": {
      "product_type": 15,
      "name": "Computer",
      "description": "Computer",
      "created": "2022-08-12T13:20:16.496Z",
      "updated": "2022-08-12T13:20:16.496Z",
      "default_variant": null,
      "rating": 5.0,
      "is_bestseller": false
    }
  },
  {
    "model": "product.productvariant",
    "pk": 1,
    "fields": {
      "name": "Iphone 11 base",
      "product": 1,
      "product_sku": "359dab6a484a4430bbc4da24a63dd7c0",
      "track_inventory": true,
      "slug": "iphone-11-base",
      "weight": "10.0",
      "is_preorder": false,
      "preorder_end_date": null,
      "preorder_threshold": null,
      "created": "2022-08-07T13:21:55.319Z",
      "updated": "2022-08-08T08:06:20.676Z"
    }
  },
  {
    "model": "product.productvariant",
    "pk": 2,
    "fields": {
      "name": "Iphone 11 better",
      "product": 1,
      "product_sku": "359dab6a484a4430bbc4da24a63dd7c1",
      "track_inventory": true,
      "slug": "iphone-11-better",
      "weight": "10.0",
      "is_preorder": false,
      "preorder_end_date": null,
      "preorder_threshold": null,
      "created": "2022-08-07T13:22:09.940Z",
      "updated": "2022-08-08T08:06:25.132Z"
    }
  },
  {
    "model": "product.productvariant",
    "pk": 3,
    "fields": {
      "name": "Iphone 11 best",
      "product": 1,
      "product_sku": "359dab6a484a4430bbc4da24a63dd7c2",
      "track_inventory": true,
      "slug": "iphone-11-best",
      "weight": "10.0",
      "is_preorder": false,
      "preorder_end_date": null,
      "preorder_threshold": null,
      "created": "2022-08-07T13:22:24.203Z",
      "updated": "2022-08-08T08:06:28.986Z"
    }
  },
  {
    "model": "product.productvariant",
    "pk": 4,
    "fields": {
      "name": "Dress base",
      "product": 2,
      "product_sku": "359dab6a484a4430bbc4da24a63dd7c3",
      "track_inventory": true,
      "slug": "dress-base",
      "weight": "100.0",
      "is_preorder": false,
      "preorder_end_date": null,
      "preorder_threshold": null,
      "created": "2022-08-07T13:27:39.552Z",
      "updated": "2022-08-08T08:06:33.736Z"
    }
  },
  {
    "model": "product.productvariant",
    "pk": 5,
    "fields": {
      "name": "Dress better",
      "product": 2,
      "product_sku": "359dab6a484a4430bbc4da24a63dd7c4",
      "track_inventory": true,
      "slug": "dress-better",
      "weight": "100.0",
      "is_preorder": false,
      "preorder_end_date": null,
      "preorder_threshold": null,
      "created": "2022-08-07T13:27:56.207Z",
      "updated": "2022-08-08T08:06:38.694Z"
    }
  },
  {
    "model": "product.productvariant",
    "pk": 6,
    "fields": {
      "name": "Dress best",
      "product": 2,
      "product_sku": "359dab6a484a4430bbc4da24a63dd7c5",
      "track_inventory": true,
      "slug": "dress-best",
      "weight": "1000.0",
      "is_preorder": false,
      "preorder_end_date": null,
      "preorder_threshold": null,
      "created": "2022-08-07T13:28:06.443Z",
      "updated": "2022-08-08T08:06:47.598Z"
    }
  },
  {
    "model": "product.productvariant",
    "pk": 7,
    "fields": {
      "name": "Pampers base",
      "product": 3,
      "product_sku": "359dab6a484a4430bbc4da24a63dd7c6",
      "track_inventory": true,
      "slug": "pampers-base",
      "weight": "12.0",
      "is_preorder": false,
      "preorder_end_date": null,
      "preorder_threshold": null,
      "created": "2022-08-07T14:34:20.019Z",
      "updated": "2022-08-08T08:06:52.759Z"
    }
  },
  {
    "model": "product.productvariant",
    "pk": 8,
    "fields": {
      "name": "Pampers better",
      "product": 3,
      "product_sku": "359dab6a484a4430bbc4da24a63dd7c7",
      "track_inventory": true,
      "slug": "pampers-better",
      "weight": "10.0",
      "is_preorder": false,
      "preorder_end_date": null,
      "preorder_threshold": null,
      "created": "2022-08-07T14:34:34.163Z",
      "updated": "2022-08-07T14:34:34.163Z"
    }
  },
  {
    "model": "product.productvariant",
    "pk": 9,
    "fields": {
      "name": "Pampers best",
      "product": 3,
      "product_sku": "359dab6a484a4430bbc4da24a63dd7c8",
      "track_inventory": true,
      "slug": "pampers-best",
      "weight": "30.0",
      "is_preorder": false,
      "preorder_end_date": null,
      "preorder_threshold": null,
      "created": "2022-08-07T14:34:53.134Z",
      "updated": "2022-08-08T08:06:57.351Z"
    }
  },
  {
    "model": "product.productvariant",
    "pk": 10,
    "fields": {
      "name": "Sneakers base",
      "product": 4,
      "product_sku": "359dab6a484a4430bbc4da24a63dd7c9",
      "track_inventory": true,
      "slug": "sneakers-base",
      "weight": "1.0",
      "is_preorder": false,
      "preorder_end_date": null,
      "preorder_threshold": null,
      "created": "2022-08-07T14:35:06.657Z",
      "updated": "2022-08-08T08:07:01.907Z"
    }
  },
  {
    "model": "product.productvariant",
    "pk": 11,
    "fields": {
      "name": "Sneakers better",
      "product": 4,
      "product_sku": "359dab6a484a4430bbc4da24a63dd7c10",
      "track_inventory": true,
      "slug": "sneakers-better",
      "weight": "20.0",
      "is_preorder": false,
      "preorder_end_date": null,
      "preorder_threshold": null,
      "created": "2022-08-07T14:35:18.476Z",
      "updated": "2022-08-08T08:07:05.877Z"
    }
  },
  {
    "model": "product.productvariant",
    "pk": 12,
    "fields": {
      "name": "Sneakers best",
      "product": 4,
      "product_sku": "359dab6a484a4430bbc4da24a63dd7c11",
      "track_inventory": true,
      "slug": "sneakers-best",
      "weight": "40.0",
      "is_preorder": false,
      "preorder_end_date": null,
      "preorder_threshold": null,
      "created": "2022-08-07T14:35:28.960Z",
      "updated": "2022-08-08T08:07:15.484Z"
    }
  },
  {
    "model": "product.productvariant",
    "pk": 13,
    "fields": {
      "name": "Jacket base",
      "product": 5,
      "product_sku": "359dab6a484a4430bbc4da24a63dd7c12",
      "track_inventory": true,
      "slug": "jacket-base",
      "weight": "10.0",
      "is_preorder": false,
      "preorder_end_date": null,
      "preorder_threshold": null,
      "created": "2022-08-07T14:35:42.721Z",
      "updated": "2022-08-08T08:07:19.113Z"
    }
  },
  {
    "model": "product.productvariant",
    "pk": 14,
    "fields": {
      "name": "Jacket better",
      "product": 5,
      "product_sku": "359dab6a484a4430bbc4da24a63dd7c13",
      "track_inventory": true,
      "slug": "jacket-better",
      "weight": "20.0",
      "is_preorder": false,
      "preorder_end_date": null,
      "preorder_threshold": null,
      "created": "2022-08-07T14:35:54.581Z",
      "updated": "2022-08-08T08:07:23.939Z"
    }
  },
  {
    "model": "product.productvariant",
    "pk": 15,
    "fields": {
      "name": "Jacket best",
      "product": 5,
      "product_sku": "359dab6a484a4430bbc4da24a63dd7c14",
      "track_inventory": true,
      "slug": "jacket-best",
      "weight": "50.0",
      "is_preorder": false,
      "preorder_end_date": null,
      "preorder_threshold": null,
      "created": "2022-08-07T14:36:06.166Z",
      "updated": "2022-08-08T08:07:30.265Z"
    }
  },
  {
    "model": "product.productvariant",
    "pk": 16,
    "fields": {
      "name": "Monoblock base",
      "product": 6,
      "product_sku": "359dab6a484a4430bbc4da24a63dd7c15",
      "track_inventory": true,
      "slug": "monoblock-base",
      "weight": "10.0",
      "is_preorder": false,
      "preorder_end_date": null,
      "preorder_threshold": null,
      "created": "2022-08-07T14:36:18.874Z",
      "updated": "2022-08-08T08:07:35.137Z"
    }
  },
  {
    "model": "product.productvariant",
    "pk": 17,
    "fields": {
      "name": "Monoblock better",
      "product": 6,
      "product_sku": "359dab6a484a4430bbc4da24a63dd7c16",
      "track_inventory": true,
      "slug": "monoblock-better",
      "weight": "20.0",
      "is_preorder": false,
      "preorder_end_date": null,
      "preorder_threshold": null,
      "created": "2022-08-07T14:36:30.566Z",
      "updated": "2022-08-08T08:07:39.604Z"
    }
  },
  {
    "model": "product.productvariant",
    "pk": 18,
    "fields": {
      "name": "Monoblock best",
      "product": 6,
      "product_sku": "359dab6a484a4430bbc4da24a63dd7c17",
      "track_inventory": true,
      "slug": "monoblock-best",
      "weight": "30.0",
      "is_preorder": false,
      "preorder_end_date": null,
      "preorder_threshold": null,
      "created": "2022-08-07T14:36:48.262Z",
      "updated": "2022-08-08T08:07:45.383Z"
    }
  },
  {
    "model": "product.productvariant",
    "pk": 19,
    "fields": {
      "name": "Office base",
      "product": 7,
      "product_sku": "359dab6a484a4430bbc4da24a63dd7c18",
      "track_inventory": true,
      "slug": "office-base",
      "weight": "1.0",
      "is_preorder": false,
      "preorder_end_date": null,
      "preorder_threshold": null,
      "created": "2022-08-07T14:37:03.130Z",
      "updated": "2022-08-08T08:07:50.218Z"
    }
  },
  {
    "model": "product.productvariant",
    "pk": 20,
    "fields": {
      "name": "Office better",
      "product": 7,
      "product_sku": "359dab6a484a4430bbc4da24a63dd7c19",
      "track_inventory": true,
      "slug": "office-better",
      "weight": null,
      "is_preorder": false,
      "preorder_end_date": null,
      "preorder_threshold": null,
      "created": "2022-08-07T14:37:14.221Z",
      "updated": "2022-08-08T08:07:55.321Z"
    }
  },
  {
    "model": "product.productvariant",
    "pk": 21,
    "fields": {
      "name": "Office best",
      "product": 7,
      "product_sku": "359dab6a484a4430bbc4da24a63dd7c20",
      "track_inventory": true,
      "slug": "office-best",
      "weight": null,
      "is_preorder": false,
      "preorder_end_date": null,
      "preorder_threshold": null,
      "created": "2022-08-07T14:37:25.351Z",
      "updated": "2022-08-08T08:08:01.203Z"
    }
  },
  {
    "model": "product.productvariant",
    "pk": 22,
    "fields": {
      "name": "Office chair base",
      "product": 8,
      "product_sku": "359dab6a484a4430bbc4da24a63dd7c21",
      "track_inventory": true,
      "slug": "office-chair-base",
      "weight": "1.0",
      "is_preorder": false,
      "preorder_end_date": null,
      "preorder_threshold": null,
      "created": "2022-08-07T14:37:59.457Z",
      "updated": "2022-08-08T08:08:07.708Z"
    }
  },
  {
    "model": "product.productvariant",
    "pk": 23,
    "fields": {
      "name": "Office chair better",
      "product": 8,
      "product_sku": "359dab6a484a4430bbc4da24a63dd7c22",
      "track_inventory": true,
      "slug": "office-chair-better",
      "weight": "2.0",
      "is_preorder": false,
      "preorder_end_date": null,
      "preorder_threshold": null,
      "created": "2022-08-07T14:38:10.308Z",
      "updated": "2022-08-08T08:08:12.545Z"
    }
  },
  {
    "model": "product.productvariant",
    "pk": 24,
    "fields": {
      "name": "Office chair best",
      "product": 8,
      "product_sku": "359dab6a484a4430bbc4da24a63dd7c23",
      "track_inventory": true,
      "slug": "office-chair-best",
      "weight": "3.0",
      "is_preorder": false,
      "preorder_end_date": null,
      "preorder_threshold": null,
      "created": "2022-08-07T14:38:24.552Z",
      "updated": "2022-08-08T08:08:16.704Z"
    }
  },
  {
    "model": "product.productvariant",
    "pk": 25,
    "fields": {
      "name": "Quadcopter base",
      "product": 9,
      "product_sku": "359dab6a484a4430bbc4da24a63dd7c24",
      "track_inventory": true,
      "slug": "quadcopter-base",
      "weight": "1.0",
      "is_preorder": false,
      "preorder_end_date": null,
      "preorder_threshold": null,
      "created": "2022-08-07T14:38:54.130Z",
      "updated": "2022-08-08T08:08:21.403Z"
    }
  },
  {
    "model": "product.productvariant",
    "pk": 26,
    "fields": {
      "name": "Quadcopter better",
      "product": 9,
      "product_sku": "359dab6a484a4430bbc4da24a63dd7c25",
      "track_inventory": true,
      "slug": "quadcopter-better",
      "weight": "2.0",
      "is_preorder": false,
      "preorder_end_date": null,
      "preorder_threshold": null,
      "created": "2022-08-07T14:39:03.693Z",
      "updated": "2022-08-08T08:08:25.422Z"
    }
  },
  {
    "model": "product.productvariant",
    "pk": 27,
    "fields": {
      "name": "Quadcopter best",
      "product": 9,
      "product_sku": "359dab6a484a4430bbc4da24a63dd7c26",
      "track_inventory": true,
      "slug": "quadcopter-best",
      "weight": "3.0",
      "is_preorder": false,
      "preorder_end_date": null,
      "preorder_threshold": null,
      "created": "2022-08-07T14:39:11.845Z",
      "updated": "2022-08-08T08:08:29.888Z"
    }
  },
  {
    "model": "product.productvariant",
    "pk": 28,
    "fields": {
      "name": "Shower gel base",
      "product": 10,
      "product_sku": "359dab6a484a4430bbc4da24a63dd7c27",
      "track_inventory": true,
      "slug": "shower-gel-base",
      "weight": "1.0",
      "is_preorder": false,
      "preorder_end_date": null,
      "preorder_threshold": null,
      "created": "2022-08-07T14:39:19.688Z",
      "updated": "2022-08-08T08:08:34.537Z"
    }
  },
  {
    "model": "product.productvariant",
    "pk": 29,
    "fields": {
      "name": "Shower gel better",
      "product": 10,
      "product_sku": "359dab6a484a4430bbc4da24a63dd7c28",
      "track_inventory": true,
      "slug": "shower-gel-better",
      "weight": "2.0",
      "is_preorder": false,
      "preorder_end_date": null,
      "preorder_threshold": null,
      "created": "2022-08-07T14:39:28.344Z",
      "updated": "2022-08-08T08:08:38.312Z"
    }
  },
  {
    "model": "product.productvariant",
    "pk": 30,
    "fields": {
      "name": "Shower gel best",
      "product": 10,
      "product_sku": "359dab6a484a4430bbc4da24a63dd7c29",
      "track_inventory": true,
      "slug": "shower-gel-best",
      "weight": "3.0",
      "is_preorder": false,
      "preorder_end_date": null,
      "preorder_threshold": null,
      "created": "2022-08-07T14:39:42.857Z",
      "updated": "2022-08-08T08:08:41.922Z"
    }
  },
  {
    "model": "product.productvariant",
    "pk": 31,
    "fields": {
      "name": "Tablet base",
      "product": 11,
      "product_sku": "359dab6a484a4430bbc4da24a63dd7c30",
      "track_inventory": true,
      "slug": "tablet-base",
      "weight": "1.0",
      "is_preorder": false,
      "preorder_end_date": null,
      "preorder_threshold": null,
      "created": "2022-08-07T14:39:55.509Z",
      "updated": "2022-08-08T08:08:48.878Z"
    }
  },
  {
    "model": "product.productvariant",
    "pk": 32,
    "fields": {
      "name": "Tablet better",
      "product": 11,
      "product_sku": "359dab6a484a4430bbc4da24a63dd7c31",
      "track_inventory": true,
      "slug": "tablet-better",
      "weight": "2.0",
      "is_preorder": false,
      "preorder_end_date": null,
      "preorder_threshold": null,
      "created": "2022-08-07T14:40:05.153Z",
      "updated": "2022-08-08T08:08:52.513Z"
    }
  },
  {
    "model": "product.productvariant",
    "pk": 33,
    "fields": {
      "name": "Tablet best",
      "product": 11,
      "product_sku": "359dab6a484a4430bbc4da24a63dd7c32",
      "track_inventory": true,
      "slug": "tablet-best",
      "weight": "3.0",
      "is_preorder": false,
      "preorder_end_date": null,
      "preorder_threshold": null,
      "created": "2022-08-07T14:40:17.644Z",
      "updated": "2022-08-08T08:08:56.149Z"
    }
  },
  {
    "model": "product.productvariant",
    "pk": 34,
    "fields": {
      "name": "TV home base",
      "product": 12,
      "product_sku": "359dab6a484a4430bbc4da24a63dd7c33",
      "track_inventory": true,
      "slug": "tv-home-base",
      "weight": "1.0",
      "is_preorder": false,
      "preorder_end_date": null,
      "preorder_threshold": null,
      "created": "2022-08-07T14:40:28.410Z",
      "updated": "2022-08-08T08:09:05.866Z"
    }
  },
  {
    "model": "product.productvariant",
    "pk": 35,
    "fields": {
      "name": "TV home better",
      "product": 12,
      "product_sku": "359dab6a484a4430bbc4da24a63dd7c34",
      "track_inventory": true,
      "slug": "tv-home-better",
      "weight": "2.0",
      "is_preorder": false,
      "preorder_end_date": null,
      "preorder_threshold": null,
      "created": "2022-08-07T14:40:39.535Z",
      "updated": "2022-08-08T08:09:09.440Z"
    }
  },
  {
    "model": "product.productvariant",
    "pk": 36,
    "fields": {
      "name": "TV home best",
      "product": 12,
      "product_sku": "359dab6a484a4430bbc4da24a63dd7c35",
      "track_inventory": true,
      "slug": "tv-home-best",
      "weight": "3.0",
      "is_preorder": false,
      "preorder_end_date": null,
      "preorder_threshold": null,
      "created": "2022-08-07T14:40:48.352Z",
      "updated": "2022-08-08T08:09:19.217Z"
    }
  },
  {
    "model": "product.productvariant",
    "pk": 37,
    "fields": {
      "name": "Apple watch base",
      "product": 13,
      "product_sku": "359dab6a484a4430bbc4da24a63dd7c36",
      "track_inventory": true,
      "slug": "apple-watch-base",
      "weight": "1.0",
      "is_preorder": false,
      "preorder_end_date": null,
      "preorder_threshold": null,
      "created": "2022-08-07T14:40:59.800Z",
      "updated": "2022-08-08T08:09:23.718Z"
    }
  },
  {
    "model": "product.productvariant",
    "pk": 38,
    "fields": {
      "name": "Apple watch better",
      "product": 13,
      "product_sku": "359dab6a484a4430bbc4da24a63dd7c37",
      "track_inventory": true,
      "slug": "apple-watch-better",
      "weight": "2.0",
      "is_preorder": false,
      "preorder_end_date": null,
      "preorder_threshold": null,
      "created": "2022-08-07T14:41:07.321Z",
      "updated": "2022-08-08T08:09:27.348Z"
    }
  },
  {
    "model": "product.productvariant",
    "pk": 39,
    "fields": {
      "name": "Apple watch best",
      "product": 13,
      "product_sku": "359dab6a484a4430bbc4da24a63dd7c38",
      "track_inventory": true,
      "slug": "apple-watch-best",
      "weight": "3.0",
      "is_preorder": false,
      "preorder_end_date": null,
      "preorder_threshold": null,
      "created": "2022-08-07T14:41:15.082Z",
      "updated": "2022-08-08T08:09:31.286Z"
    }
  },
  {
    "model": "product.productvariant",
    "pk": 40,
    "fields": {
      "name": "Keyboard base",
      "product": 14,
      "product_sku": "359dab6a484a4430bbc4da24a63dd7c39",
      "track_inventory": true,
      "slug": "keyboard-base",
      "weight": "1.0",
      "is_preorder": false,
      "preorder_end_date": null,
      "preorder_threshold": null,
      "created": "2022-08-07T14:41:24.068Z",
      "updated": "2022-08-08T08:09:35.078Z"
    }
  },
  {
    "model": "product.productvariant",
    "pk": 41,
    "fields": {
      "name": "Keyboard better",
      "product": 14,
      "product_sku": "359dab6a484a4430bbc4da24a63dd7c40",
      "track_inventory": true,
      "slug": "keyboard-better",
      "weight": "2.0",
      "is_preorder": false,
      "preorder_end_date": null,
      "preorder_threshold": null,
      "created": "2022-08-07T14:41:31.656Z",
      "updated": "2022-08-08T08:09:38.808Z"
    }
  },
  {
    "model": "product.productvariant",
    "pk": 42,
    "fields": {
      "name": "Keyboard best",
      "product": 14,
      "product_sku": "359dab6a484a4430bbc4da24a63dd7c41",
      "track_inventory": true,
      "slug": "keyboard-best",
      "weight": "3.0",
      "is_preorder": false,
      "preorder_end_date": null,
      "preorder_threshold": null,
      "created": "2022-08-07T14:41:41.637Z",
      "updated": "2022-08-08T08:09:46.546Z"
    }
  },
  {
    "model": "product.productvariant",
    "pk": 45,
    "fields": {
      "name": "Computer-base",
      "product": 15,
      "product_sku": "ab83282b4f13442ba92b64db69dfc431",
      "track_inventory": true,
      "slug": "computer-base",
      "weight": "10.0",
      "is_preorder": false,
      "preorder_end_date": null,
      "preorder_threshold": null,
      "created": "2022-08-12T13:21:18.687Z",
      "updated": "2022-08-12T13:35:36.583Z"
    }
  },
  {
    "model": "product.productvariant",
    "pk": 46,
    "fields": {
      "name": "Computer-better",
      "product": 15,
      "product_sku": "363390e9663e4beea8f721ab44fc6839",
      "track_inventory": true,
      "slug": "computer-better",
      "weight": "10.0",
      "is_preorder": false,
      "preorder_end_date": null,
      "preorder_threshold": null,
      "created": "2022-08-12T13:23:06.562Z",
      "updated": "2022-08-12T13:23:06.562Z"
    }
  },
  {
    "model": "product.productvariant",
    "pk": 47,
    "fields": {
      "name": "Computer-best",
      "product": 15,
      "product_sku": "1c0b4f8e2edb4ac08aec01128e58400e",
      "track_inventory": true,
      "slug": "computer-best",
      "weight": "20.0",
      "is_preorder": false,
      "preorder_end_date": null,
      "preorder_threshold": null,
      "created": "2022-08-12T13:23:22.114Z",
      "updated": "2022-08-12T13:23:22.114Z"
    }
  },
  {
    "model": "product.productmedia",
    "pk": 1,
    "fields": {
      "product": 1,
      "media_file": "products/iphone-base.jpg",
      "type": "IMAGE",
      "external_url": null
    }
  },
  {
    "model": "product.productmedia",
    "pk": 2,
    "fields": {
      "product": 1,
      "media_file": "products/iphone-better.jpg",
      "type": "IMAGE",
      "external_url": null
    }
  },
  {
    "model": "product.productmedia",
    "pk": 3,
    "fields": {
      "product": 1,
      "media_file": "products/iphone-best.jpg",
      "type": "IMAGE",
      "external_url": null
    }
  },
  {
    "model": "product.productmedia",
    "pk": 4,
    "fields": {
      "product": 2,
      "media_file": "products/dress-base.jpg",
      "type": "IMAGE",
      "external_url": null
    }
  },
  {
    "model": "product.productmedia",
    "pk": 5,
    "fields": {
      "product": 2,
      "media_file": "products/dress-better.jpg",
      "type": "IMAGE",
      "external_url": null
    }
  },
  {
    "model": "product.productmedia",
    "pk": 6,
    "fields": {
      "product": 2,
      "media_file": "products/dress-best.jpg",
      "type": "IMAGE",
      "external_url": null
    }
  },
  {
    "model": "product.productmedia",
    "pk": 7,
    "fields": {
      "product": 3,
      "media_file": "products/pampers_base.jpg",
      "type": "IMAGE",
      "external_url": null
    }
  },
  {
    "model": "product.productmedia",
    "pk": 8,
    "fields": {
      "product": 3,
      "media_file": "products/pampers_better.jpg",
      "type": "IMAGE",
      "external_url": null
    }
  },
  {
    "model": "product.productmedia",
    "pk": 9,
    "fields": {
      "product": 3,
      "media_file": "products/pampers_best.jpg",
      "type": "IMAGE",
      "external_url": null
    }
  },
  {
    "model": "product.productmedia",
    "pk": 10,
    "fields": {
      "product": 4,
      "media_file": "products/sneakers-base.jpg",
      "type": "IMAGE",
      "external_url": null
    }
  },
  {
    "model": "product.productmedia",
    "pk": 11,
    "fields": {
      "product": 4,
      "media_file": "products/sneakers-better.jpg",
      "type": "IMAGE",
      "external_url": null
    }
  },
  {
    "model": "product.productmedia",
    "pk": 12,
    "fields": {
      "product": 4,
      "media_file": "products/sneakers-best.jpg",
      "type": "IMAGE",
      "external_url": null
    }
  },
  {
    "model": "product.productmedia",
    "pk": 13,
    "fields": {
      "product": 5,
      "media_file": "products/jacket-base.jpg",
      "type": "IMAGE",
      "external_url": null
    }
  },
  {
    "model": "product.productmedia",
    "pk": 14,
    "fields": {
      "product": 5,
      "media_file": "products/jacket-better.jpg",
      "type": "IMAGE",
      "external_url": null
    }
  },
  {
    "model": "product.productmedia",
    "pk": 15,
    "fields": {
      "product": 5,
      "media_file": "products/jacket-best.jpg",
      "type": "IMAGE",
      "external_url": null
    }
  },
  {
    "model": "product.productmedia",
    "pk": 16,
    "fields": {
      "product": 6,
      "media_file": "products/monoblock-base.jpg",
      "type": "IMAGE",
      "external_url": null
    }
  },
  {
    "model": "product.productmedia",
    "pk": 17,
    "fields": {
      "product": 6,
      "media_file": "products/monoblock-better.jpg",
      "type": "IMAGE",
      "external_url": null
    }
  },
  {
    "model": "product.productmedia",
    "pk": 18,
    "fields": {
      "product": 6,
      "media_file": "products/monoblock-best.jpg",
      "type": "IMAGE",
      "external_url": null
    }
  },
  {
    "model": "product.productmedia",
    "pk": 19,
    "fields": {
      "product": 7,
      "media_file": "products/office-base.jpg",
      "type": "IMAGE",
      "external_url": null
    }
  },
  {
    "model": "product.productmedia",
    "pk": 20,
    "fields": {
      "product": 7,
      "media_file": "products/office-better.png",
      "type": "IMAGE",
      "external_url": null
    }
  },
  {
    "model": "product.productmedia",
    "pk": 21,
    "fields": {
      "product": 7,
      "media_file": "products/office-best.png",
      "type": "IMAGE",
      "external_url": null
    }
  },
  {
    "model": "product.productmedia",
    "pk": 22,
    "fields": {
      "product": 8,
      "media_file": "products/officechair-base.jpg",
      "type": "IMAGE",
      "external_url": null
    }
  },
  {
    "model": "product.productmedia",
    "pk": 23,
    "fields": {
      "product": 8,
      "media_file": "products/officechair-better.jpg",
      "type": "IMAGE",
      "external_url": null
    }
  },
  {
    "model": "product.productmedia",
    "pk": 24,
    "fields": {
      "product": 8,
      "media_file": "products/officechair-best.jpg",
      "type": "IMAGE",
      "external_url": null
    }
  },
  {
    "model": "product.productmedia",
    "pk": 25,
    "fields": {
      "product": 9,
      "media_file": "products/quadracopter-base.jpg",
      "type": "IMAGE",
      "external_url": null
    }
  },
  {
    "model": "product.productmedia",
    "pk": 26,
    "fields": {
      "product": 9,
      "media_file": "products/quadracopter-better.jpg",
      "type": "IMAGE",
      "external_url": null
    }
  },
  {
    "model": "product.productmedia",
    "pk": 27,
    "fields": {
      "product": 9,
      "media_file": "products/quadracopter-best.jpg",
      "type": "IMAGE",
      "external_url": null
    }
  },
  {
    "model": "product.productmedia",
    "pk": 28,
    "fields": {
      "product": 10,
      "media_file": "products/showergel-base.png",
      "type": "IMAGE",
      "external_url": null
    }
  },
  {
    "model": "product.productmedia",
    "pk": 29,
    "fields": {
      "product": 10,
      "media_file": "products/showergel-better.webp",
      "type": "IMAGE",
      "external_url": null
    }
  },
  {
    "model": "product.productmedia",
    "pk": 30,
    "fields": {
      "product": 10,
      "media_file": "products/showergel-best.jpg",
      "type": "IMAGE",
      "external_url": null
    }
  },
  {
    "model": "product.productmedia",
    "pk": 31,
    "fields": {
      "product": 11,
      "media_file": "products/tablet-base.jpg",
      "type": "IMAGE",
      "external_url": null
    }
  },
  {
    "model": "product.productmedia",
    "pk": 32,
    "fields": {
      "product": 11,
      "media_file": "products/tablet-better.jpg",
      "type": "IMAGE",
      "external_url": null
    }
  },
  {
    "model": "product.productmedia",
    "pk": 33,
    "fields": {
      "product": 11,
      "media_file": "products/tablet-best.jpg",
      "type": "IMAGE",
      "external_url": null
    }
  },
  {
    "model": "product.productmedia",
    "pk": 34,
    "fields": {
      "product": 12,
      "media_file": "products/tvhome-base.jpg",
      "type": "IMAGE",
      "external_url": null
    }
  },
  {
    "model": "product.productmedia",
    "pk": 35,
    "fields": {
      "product": 12,
      "media_file": "products/tvhome-better.jpg",
      "type": "IMAGE",
      "external_url": null
    }
  },
  {
    "model": "product.productmedia",
    "pk": 36,
    "fields": {
      "product": 12,
      "media_file": "products/tvhome-best.jpg",
      "type": "IMAGE",
      "external_url": null
    }
  },
  {
    "model": "product.productmedia",
    "pk": 37,
    "fields": {
      "product": 13,
      "media_file": "products/applewatch-base.jpg",
      "type": "IMAGE",
      "external_url": null
    }
  },
  {
    "model": "product.productmedia",
    "pk": 38,
    "fields": {
      "product": 13,
      "media_file": "products/applewatch-better.jpg",
      "type": "IMAGE",
      "external_url": null
    }
  },
  {
    "model": "product.productmedia",
    "pk": 39,
    "fields": {
      "product": 13,
      "media_file": "products/applewatch-best.jpg",
      "type": "IMAGE",
      "external_url": null
    }
  },
  {
    "model": "product.productmedia",
    "pk": 40,
    "fields": {
      "product": 14,
      "media_file": "products/keyboard-base.jpg",
      "type": "IMAGE",
      "external_url": null
    }
  },
  {
    "model": "product.productmedia",
    "pk": 41,
    "fields": {
      "product": 14,
      "media_file": "products/keyboard-better.jpg",
      "type": "IMAGE",
      "external_url": null
    }
  },
  {
    "model": "product.productmedia",
    "pk": 42,
    "fields": {
      "product": 14,
      "media_file": "products/keyboard-best.jpg",
      "type": "IMAGE",
      "external_url": null
    }
  },
  {
    "model": "product.productmedia",
    "pk": 43,
    "fields": {
      "product": 15,
      "media_file": "products/computer-base.jpg",
      "type": "IMAGE",
      "external_url": null
    }
  },
  {
    "model": "product.productmedia",
    "pk": 44,
    "fields": {
      "product": 15,
      "media_file": "products/computer-better.jpg",
      "type": "IMAGE",
      "external_url": null
    }
  },
  {
    "model": "product.productmedia",
    "pk": 45,
    "fields": {
      "product": 15,
      "media_file": "products/computer-best.jpg",
      "type": "IMAGE",
      "external_url": null
    }
  },
  {
    "model": "product.variantmedia",
    "pk": 1,
    "fields": {
      "variant": 1,
      "media": 1
    }
  },
  {
    "model": "product.variantmedia",
    "pk": 2,
    "fields": {
      "variant": 2,
      "media": 2
    }
  },
  {
    "model": "product.variantmedia",
    "pk": 3,
    "fields": {
      "variant": 3,
      "media": 3
    }
  },
  {
    "model": "product.variantmedia",
    "pk": 4,
    "fields": {
      "variant": 4,
      "media": 4
    }
  },
  {
    "model": "product.variantmedia",
    "pk": 5,
    "fields": {
      "variant": 5,
      "media": 5
    }
  },
  {
    "model": "product.variantmedia",
    "pk": 6,
    "fields": {
      "variant": 6,
      "media": 6
    }
  },
  {
    "model": "product.variantmedia",
    "pk": 7,
    "fields": {
      "variant": 7,
      "media": 7
    }
  },
  {
    "model": "product.variantmedia",
    "pk": 8,
    "fields": {
      "variant": 8,
      "media": 8
    }
  },
  {
    "model": "product.variantmedia",
    "pk": 9,
    "fields": {
      "variant": 9,
      "media": 9
    }
  },
  {
    "model": "product.variantmedia",
    "pk": 10,
    "fields": {
      "variant": 10,
      "media": 10
    }
  },
  {
    "model": "product.variantmedia",
    "pk": 11,
    "fields": {
      "variant": 11,
      "media": 11
    }
  },
  {
    "model": "product.variantmedia",
    "pk": 12,
    "fields": {
      "variant": 12,
      "media": 12
    }
  },
  {
    "model": "product.variantmedia",
    "pk": 13,
    "fields": {
      "variant": 13,
      "media": 13
    }
  },
  {
    "model": "product.variantmedia",
    "pk": 14,
    "fields": {
      "variant": 14,
      "media": 14
    }
  },
  {
    "model": "product.variantmedia",
    "pk": 15,
    "fields": {
      "variant": 15,
      "media": 15
    }
  },
  {
    "model": "product.variantmedia",
    "pk": 16,
    "fields": {
      "variant": 16,
      "media": 16
    }
  },
  {
    "model": "product.variantmedia",
    "pk": 17,
    "fields": {
      "variant": 17,
      "media": 17
    }
  },
  {
    "model": "product.variantmedia",
    "pk": 18,
    "fields": {
      "variant": 18,
      "media": 18
    }
  },
  {
    "model": "product.variantmedia",
    "pk": 19,
    "fields": {
      "variant": 19,
      "media": 19
    }
  },
  {
    "model": "product.variantmedia",
    "pk": 20,
    "fields": {
      "variant": 20,
      "media": 20
    }
  },
  {
    "model": "product.variantmedia",
    "pk": 21,
    "fields": {
      "variant": 21,
      "media": 21
    }
  },
  {
    "model": "product.variantmedia",
    "pk": 22,
    "fields": {
      "variant": 22,
      "media": 22
    }
  },
  {
    "model": "product.variantmedia",
    "pk": 23,
    "fields": {
      "variant": 23,
      "media": 23
    }
  },
  {
    "model": "product.variantmedia",
    "pk": 24,
    "fields": {
      "variant": 24,
      "media": 24
    }
  },
  {
    "model": "product.variantmedia",
    "pk": 25,
    "fields": {
      "variant": 25,
      "media": 25
    }
  },
  {
    "model": "product.variantmedia",
    "pk": 26,
    "fields": {
      "variant": 26,
      "media": 26
    }
  },
  {
    "model": "product.variantmedia",
    "pk": 27,
    "fields": {
      "variant": 27,
      "media": 27
    }
  },
  {
    "model": "product.variantmedia",
    "pk": 28,
    "fields": {
      "variant": 28,
      "media": 28
    }
  },
  {
    "model": "product.variantmedia",
    "pk": 29,
    "fields": {
      "variant": 29,
      "media": 29
    }
  },
  {
    "model": "product.variantmedia",
    "pk": 30,
    "fields": {
      "variant": 30,
      "media": 30
    }
  },
  {
    "model": "product.variantmedia",
    "pk": 31,
    "fields": {
      "variant": 31,
      "media": 31
    }
  },
  {
    "model": "product.variantmedia",
    "pk": 32,
    "fields": {
      "variant": 32,
      "media": 32
    }
  },
  {
    "model": "product.variantmedia",
    "pk": 33,
    "fields": {
      "variant": 33,
      "media": 33
    }
  },
  {
    "model": "product.variantmedia",
    "pk": 34,
    "fields": {
      "variant": 34,
      "media": 34
    }
  },
  {
    "model": "product.variantmedia",
    "pk": 35,
    "fields": {
      "variant": 35,
      "media": 35
    }
  },
  {
    "model": "product.variantmedia",
    "pk": 36,
    "fields": {
      "variant": 36,
      "media": 36
    }
  },
  {
    "model": "product.variantmedia",
    "pk": 37,
    "fields": {
      "variant": 37,
      "media": 37
    }
  },
  {
    "model": "product.variantmedia",
    "pk": 38,
    "fields": {
      "variant": 38,
      "media": 38
    }
  },
  {
    "model": "product.variantmedia",
    "pk": 39,
    "fields": {
      "variant": 39,
      "media": 39
    }
  },
  {
    "model": "product.variantmedia",
    "pk": 40,
    "fields": {
      "variant": 40,
      "media": 40
    }
  },
  {
    "model": "product.variantmedia",
    "pk": 41,
    "fields": {
      "variant": 41,
      "media": 41
    }
  },
  {
    "model": "product.variantmedia",
    "pk": 42,
    "fields": {
      "variant": 42,
      "media": 42
    }
  },
  {
    "model": "product.variantmedia",
    "pk": 43,
    "fields": {
      "variant": 45,
      "media": 43
    }
  },
  {
    "model": "product.variantmedia",
    "pk": 44,
    "fields": {
      "variant": 46,
      "media": 44
    }
  },
  {
    "model": "product.variantmedia",
    "pk": 45,
    "fields": {
      "variant": 47,
      "media": 45
    }
  },
  {
    "model": "product.productvariantchannellisting",
    "pk": 1,
    "fields": {
      "product_variant": 1,
      "channel": 1,
      "visible_in_listings": true,
      "available_to_purchase": true,
      "price": "100.04",
      "cost_price": "120.03"
    }
  },
  {
    "model": "product.productvariantchannellisting",
    "pk": 2,
    "fields": {
      "product_variant": 2,
      "channel": 1,
      "visible_in_listings": true,
      "available_to_purchase": true,
      "price": "200.00",
      "cost_price": "240.00"
    }
  },
  {
    "model": "product.productvariantchannellisting",
    "pk": 3,
    "fields": {
      "product_variant": 3,
      "channel": 1,
      "visible_in_listings": true,
      "available_to_purchase": true,
      "price": "300.00",
      "cost_price": "330.00"
    }
  },
  {
    "model": "product.productvariantchannellisting",
    "pk": 4,
    "fields": {
      "product_variant": 4,
      "channel": 1,
      "visible_in_listings": true,
      "available_to_purchase": true,
      "price": "100.00",
      "cost_price": "120.00"
    }
  },
  {
    "model": "product.productvariantchannellisting",
    "pk": 5,
    "fields": {
      "product_variant": 5,
      "channel": 1,
      "visible_in_listings": true,
      "available_to_purchase": true,
      "price": "200.00",
      "cost_price": "220.00"
    }
  },
  {
    "model": "product.productvariantchannellisting",
    "pk": 6,
    "fields": {
      "product_variant": 6,
      "channel": 1,
      "visible_in_listings": true,
      "available_to_purchase": true,
      "price": "300.00",
      "cost_price": "330.00"
    }
  },
  {
    "model": "product.productvariantchannellisting",
    "pk": 7,
    "fields": {
      "product_variant": 7,
      "channel": 1,
      "visible_in_listings": true,
      "available_to_purchase": true,
      "price": "100.00",
      "cost_price": "120.00"
    }
  },
  {
    "model": "product.productvariantchannellisting",
    "pk": 8,
    "fields": {
      "product_variant": 8,
      "channel": 1,
      "visible_in_listings": true,
      "available_to_purchase": true,
      "price": "200.00",
      "cost_price": "220.00"
    }
  },
  {
    "model": "product.productvariantchannellisting",
    "pk": 9,
    "fields": {
      "product_variant": 9,
      "channel": 1,
      "visible_in_listings": true,
      "available_to_purchase": true,
      "price": "300.00",
      "cost_price": "320.00"
    }
  },
  {
    "model": "product.productvariantchannellisting",
    "pk": 10,
    "fields": {
      "product_variant": 10,
      "channel": 1,
      "visible_in_listings": true,
      "available_to_purchase": true,
      "price": "100.00",
      "cost_price": "120.00"
    }
  },
  {
    "model": "product.productvariantchannellisting",
    "pk": 11,
    "fields": {
      "product_variant": 11,
      "channel": 1,
      "visible_in_listings": true,
      "available_to_purchase": true,
      "price": "200.00",
      "cost_price": "220.00"
    }
  },
  {
    "model": "product.productvariantchannellisting",
    "pk": 12,
    "fields": {
      "product_variant": 12,
      "channel": 1,
      "visible_in_listings": true,
      "available_to_purchase": true,
      "price": "300.00",
      "cost_price": "320.00"
    }
  },
  {
    "model": "product.productvariantchannellisting",
    "pk": 13,
    "fields": {
      "product_variant": 13,
      "channel": 1,
      "visible_in_listings": true,
      "available_to_purchase": true,
      "price": "100.00",
      "cost_price": "120.00"
    }
  },
  {
    "model": "product.productvariantchannellisting",
    "pk": 14,
    "fields": {
      "product_variant": 14,
      "channel": 1,
      "visible_in_listings": true,
      "available_to_purchase": true,
      "price": "200.00",
      "cost_price": "220.00"
    }
  },
  {
    "model": "product.productvariantchannellisting",
    "pk": 15,
    "fields": {
      "product_variant": 15,
      "channel": 1,
      "visible_in_listings": true,
      "available_to_purchase": true,
      "price": "300.00",
      "cost_price": "320.00"
    }
  },
  {
    "model": "product.productvariantchannellisting",
    "pk": 16,
    "fields": {
      "product_variant": 16,
      "channel": 1,
      "visible_in_listings": true,
      "available_to_purchase": true,
      "price": "100.00",
      "cost_price": "120.00"
    }
  },
  {
    "model": "product.productvariantchannellisting",
    "pk": 17,
    "fields": {
      "product_variant": 17,
      "channel": 1,
      "visible_in_listings": true,
      "available_to_purchase": true,
      "price": "200.00",
      "cost_price": "220.00"
    }
  },
  {
    "model": "product.productvariantchannellisting",
    "pk": 18,
    "fields": {
      "product_variant": 18,
      "channel": 1,
      "visible_in_listings": true,
      "available_to_purchase": true,
      "price": "300.00",
      "cost_price": "320.00"
    }
  },
  {
    "model": "product.productvariantchannellisting",
    "pk": 19,
    "fields": {
      "product_variant": 19,
      "channel": 1,
      "visible_in_listings": true,
      "available_to_purchase": true,
      "price": "100.00",
      "cost_price": "120.00"
    }
  },
  {
    "model": "product.productvariantchannellisting",
    "pk": 20,
    "fields": {
      "product_variant": 20,
      "channel": 1,
      "visible_in_listings": true,
      "available_to_purchase": true,
      "price": "200.00",
      "cost_price": "220.00"
    }
  },
  {
    "model": "product.productvariantchannellisting",
    "pk": 21,
    "fields": {
      "product_variant": 21,
      "channel": 1,
      "visible_in_listings": true,
      "available_to_purchase": true,
      "price": "300.00",
      "cost_price": "320.00"
    }
  },
  {
    "model": "product.productvariantchannellisting",
    "pk": 22,
    "fields": {
      "product_variant": 22,
      "channel": 1,
      "visible_in_listings": true,
      "available_to_purchase": true,
      "price": "100.00",
      "cost_price": "120.00"
    }
  },
  {
    "model": "product.productvariantchannellisting",
    "pk": 23,
    "fields": {
      "product_variant": 23,
      "channel": 1,
      "visible_in_listings": true,
      "available_to_purchase": true,
      "price": "200.00",
      "cost_price": "220.00"
    }
  },
  {
    "model": "product.productvariantchannellisting",
    "pk": 24,
    "fields": {
      "product_variant": 24,
      "channel": 1,
      "visible_in_listings": true,
      "available_to_purchase": true,
      "price": "300.00",
      "cost_price": "320.00"
    }
  },
  {
    "model": "product.productvariantchannellisting",
    "pk": 25,
    "fields": {
      "product_variant": 25,
      "channel": 1,
      "visible_in_listings": true,
      "available_to_purchase": true,
      "price": "100.00",
      "cost_price": "120.00"
    }
  },
  {
    "model": "product.productvariantchannellisting",
    "pk": 26,
    "fields": {
      "product_variant": 26,
      "channel": 1,
      "visible_in_listings": true,
      "available_to_purchase": true,
      "price": "200.00",
      "cost_price": "220.00"
    }
  },
  {
    "model": "product.productvariantchannellisting",
    "pk": 27,
    "fields": {
      "product_variant": 27,
      "channel": 1,
      "visible_in_listings": true,
      "available_to_purchase": true,
      "price": "300.00",
      "cost_price": "320.00"
    }
  },
  {
    "model": "product.productvariantchannellisting",
    "pk": 28,
    "fields": {
      "product_variant": 28,
      "channel": 1,
      "visible_in_listings": true,
      "available_to_purchase": true,
      "price": "100.00",
      "cost_price": "120.00"
    }
  },
  {
    "model": "product.productvariantchannellisting",
    "pk": 29,
    "fields": {
      "product_variant": 29,
      "channel": 1,
      "visible_in_listings": true,
      "available_to_purchase": true,
      "price": "200.00",
      "cost_price": "220.00"
    }
  },
  {
    "model": "product.productvariantchannellisting",
    "pk": 30,
    "fields": {
      "product_variant": 30,
      "channel": 1,
      "visible_in_listings": true,
      "available_to_purchase": true,
      "price": "300.00",
      "cost_price": "320.00"
    }
  },
  {
    "model": "product.productvariantchannellisting",
    "pk": 31,
    "fields": {
      "product_variant": 31,
      "channel": 1,
      "visible_in_listings": true,
      "available_to_purchase": true,
      "price": "100.00",
      "cost_price": "120.00"
    }
  },
  {
    "model": "product.productvariantchannellisting",
    "pk": 32,
    "fields": {
      "product_variant": 32,
      "channel": 1,
      "visible_in_listings": true,
      "available_to_purchase": true,
      "price": "200.00",
      "cost_price": "220.00"
    }
  },
  {
    "model": "product.productvariantchannellisting",
    "pk": 33,
    "fields": {
      "product_variant": 33,
      "channel": 1,
      "visible_in_listings": true,
      "available_to_purchase": true,
      "price": "300.00",
      "cost_price": "320.00"
    }
  },
  {
    "model": "product.productvariantchannellisting",
    "pk": 34,
    "fields": {
      "product_variant": 34,
      "channel": 1,
      "visible_in_listings": true,
      "available_to_purchase": true,
      "price": "100.00",
      "cost_price": "120.00"
    }
  },
  {
    "model": "product.productvariantchannellisting",
    "pk": 35,
    "fields": {
      "product_variant": 35,
      "channel": 1,
      "visible_in_listings": true,
      "available_to_purchase": true,
      "price": "200.00",
      "cost_price": "220.00"
    }
  },
  {
    "model": "product.productvariantchannellisting",
    "pk": 36,
    "fields": {
      "product_variant": 36,
      "channel": 1,
      "visible_in_listings": true,
      "available_to_purchase": true,
      "price": "300.00",
      "cost_price": "320.00"
    }
  },
  {
    "model": "product.productvariantchannellisting",
    "pk": 37,
    "fields": {
      "product_variant": 37,
      "channel": 1,
      "visible_in_listings": true,
      "available_to_purchase": true,
      "price": "100.00",
      "cost_price": "120.00"
    }
  },
  {
    "model": "product.productvariantchannellisting",
    "pk": 38,
    "fields": {
      "product_variant": 38,
      "channel": 1,
      "visible_in_listings": true,
      "available_to_purchase": true,
      "price": "200.00",
      "cost_price": "220.00"
    }
  },
  {
    "model": "product.productvariantchannellisting",
    "pk": 39,
    "fields": {
      "product_variant": 39,
      "channel": 1,
      "visible_in_listings": true,
      "available_to_purchase": true,
      "price": "300.00",
      "cost_price": "320.00"
    }
  },
  {
    "model": "product.productvariantchannellisting",
    "pk": 40,
    "fields": {
      "product_variant": 40,
      "channel": 1,
      "visible_in_listings": true,
      "available_to_purchase": true,
      "price": "100.00",
      "cost_price": "120.00"
    }
  },
  {
    "model": "product.productvariantchannellisting",
    "pk": 41,
    "fields": {
      "product_variant": 41,
      "channel": 1,
      "visible_in_listings": true,
      "available_to_purchase": true,
      "price": "200.00",
      "cost_price": "220.00"
    }
  },
  {
    "model": "product.productvariantchannellisting",
    "pk": 42,
    "fields": {
      "product_variant": 42,
      "channel": 1,
      "visible_in_listings": true,
      "available_to_purchase": true,
      "price": "300.00",
      "cost_price": "320.00"
    }
  },
  {
    "model": "product.productvariantchannellisting",
    "pk": 43,
    "fields": {
      "product_variant": 45,
      "channel": 1,
      "visible_in_listings": true,
      "available_to_purchase": true,
      "price": "500.00",
      "cost_price": "600.00"
    }
  },
  {
    "model": "product.productvariantchannellisting",
    "pk": 44,
    "fields": {
      "product_variant": 46,
      "channel": 1,
      "visible_in_listings": true,
      "available_to_purchase": true,
      "price": "1000.00",
      "cost_price": "1200.00"
    }
  },
  {
    "model": "product.productvariantchannellisting",
    "pk": 45,
    "fields": {
      "product_variant": 47,
      "channel": 1,
      "visible_in_listings": true,
      "available_to_purchase": true,
      "price": "1500.00",
      "cost_price": "1600.00"
    }
  },
  {
    "model": "actions.like",
    "pk": 29,
    "fields": {
      "user_id": 1,
      "product": 2,
      "date": "2022-08-10T14:10:20.365Z"
    }
  },
  {
    "model": "actions.like",
    "pk": 31,
    "fields": {
      "user_id": 1,
      "product": 1,
      "date": "2022-08-10T14:21:50.244Z"
    }
  },
  {
    "model": "actions.like",
    "pk": 32,
    "fields": {
      "user_id": 1,
      "product": 3,
      "date": "2022-08-10T14:21:54.862Z"
    }
  },
  {
    "model": "actions.like",
    "pk": 34,
    "fields": {
      "user_id": 1,
      "product": 5,
      "date": "2022-08-10T14:22:00.346Z"
    }
  },
  {
    "model": "actions.like",
    "pk": 35,
    "fields": {
      "user_id": 1,
      "product": 4,
      "date": "2022-08-13T09:18:05.177Z"
    }
  }
]
